data_id,dia_semana,horario_pico,gatos_adotados,faturamento_diario,alcance_instagram,alcance_facebook,alcance_tiktok,idade_instagram,idade_facebook,idade_tiktok,qtd_clientes,maioria_sexo
10/06/2019,QUARTA,15:00,2,6034.5,342,102,365,18-26,28-36,15-21,73,F
11/06/2019,QUINTA,14:30,1,5156.2,315,88,301,18-25,30-37,15-20,54,M
12/06/2019,SEXTA,18:00,5,6328.14,423,131,541,17-28,24-41,14-24,64,F
13/06/2019,SABADO,13:30,3,3951.53,326,94,314,17-26,31-38,15-21,43,F
14/06/2019,DOMINGO,13:30,0,6401.9,310,83,303,17-24,29-35,14-21,66,F
15/06/2019,SEGUNDA,16:00,0,5956.89,292,78,306,16-26,30-47,14-24,59,M
16/06/2019,TERÇA,15:30,0,3104.54,286,75,300,15-24,28-38,14-29,31,F
17/06/2019,QUARTA,13:30,2,1501.33,343,98,470,17-28,24-41,14-19,24,F
18/06/2019,QUINTA,15:00,1,1945.22,211,70,300,18-26,23-32,14-19,27,M
19/06/2019,SEXTA,17:30,0,2300.37,556,200,180,17-28,17-29,14-25,23,M
20/06/2019,SABADO,14:00,0,1457.89,754,162,136,16-24,16-25,14-26,17,F
21/06/2019,DOMINGO,14:30,2,1300.32,333,231,480,17-31,18-30,15-23,19,F
22/06/2019,SEGUNDA,19:00,0,1000.0,212,40,100,21-36,20-31,14-19,10,F
23/06/2019,TERÇA,18:30,0,1600.44,254,56,132,21-34,22-35,14-20,13,M
24/06/2019,QUARTA,15:00,0,1295.5,171,67,884,21-32,26-56,14-21,43,F
25/06/2019,QUINTA,16:30,0,2497.99,299,99,248,20-30,31-45,14-22,20,F
26/06/2019,SEXTA,16:00,0,2567.5,421,250,58,19-30,24-64,14-20,33,F
27/06/2019,SÁBADO,14:00,1,3405.8,300,146,1000,21-36,28-53,15-21,39,M
28/06/2019,DOMINGO,14:30,3,3302.33,250,320,252,20-33,21-40,15-22,38,F
29/06/2019,SEGUNDA,17:30,0,2114.56,207,44,101,19-30,20-34,15-24,22,M
30/06/2019,TERÇA,17:00,1,3015.33,234,57,122,19-28,21-32,13-20,34,M
01/07/2019,QUARTA,18:00,1,3250.5,266,66,550,20-32,22-34,14-21,38,F
02/07/2019,QUINTA,15:30,0,3030.0,530,94,247,19-33,20-33,14-22,34,F
03/07/2019,SEXTA,16:00,2,4458.4,672,119,979,18-30,23-39,13-25,44,M
04/07/2019,SÁBADO,13:00,3,3575.8,467,114,220,19-28,21-35,14-23,32,F
05/07/2019,DOMINGO,13:30,2,1034.98,533,201,641,18-30,24-40,13-24,23,F
06/07/2019,SEGUNDA,15:30,1,3465.5,274,158,202,19-30,25-43,14-26,36,M
07/07/2019,TERÇA,17:00,2,3209.39,245,133,189,18-33,25-38,14-25,32,M
08/07/2019,QUARTA,16:00,0,3598.7,322,179,221,18-30,23-36,13-24,43,F
09/07/2019,QUINTA,16:30,3,4126.0,58,188,222,19-29,24-36,16-27,50,M
10/07/2019,SEXTA,15:30,2,2004.63,444,201,210,17-30,22-38,14-28,23,F
11/07/2019,DOMINGO,10:30,0,990.84,413,144,157,16-31,21-37,15-27,19,F
12/07/2019,SEGUNDA,14:00,0,1000.0,601,98,500,15-24,22-34,17-22,20,M
13/07/2019,TERÇA,16:00,3,2500.56,127,210,1005,17-30,19-37,15-21,27,M
14/07/2019,QUARTA,18:30,2,1908.3,336,125,157,22-35,17-39,15-26,23,F
15/07/2019,QUINTA,12:00,1,950.25,214,225,210,15-28,20-34,16-23,20,F
16/07/2019,SEXTA,17:30,1,3014.64,589,87,500,17-24,25-44,13-20,37,F
17/07/2019,SABADO,12:00,2,988.45,778,334,6550,19-33,19-37,13-22,21,M
18/07/2019,DOMINGO,13:00,1,1784.29,301,389,270,16-27,24-49,14-23,27,M
19/07/2019,SEGUNDA,17:00,1,4002.2,965,605,250,21-33,18-34,16-23,46,M
20/07/2019,TERÇA,13:30,0,2021.65,267,345,678,19-28,24-37,13-21,24,M
21/07/2019,QUARTA,11:00,0,840.55,123,150,1897,14-37,22-40,15-20,12,F
22/07/2019,QUINTA,15:30,0,1218.0,120,26,360,17-28,24-41,14-24,21,M
20/07/2019,SEXTA,16:30,0,2990.0,371,130,350,17-26,31-38,15-21,25,F
21/07/2019,SABADO,14:00,1,3560.7,410,156,289,17-24,29-35,14-21,44,M
22/07/2019,DOMINGO,11:00,0,1786.0,296,125,193,16-26,30-47,14-24,27,M
23/07/2019,SEGUNDA,18:30,2,1215.0,270,81,161,15-24,28-38,16-23,22,F
24/07/2019,TERÇA,15:30,0,1078.0,230,97,191,17-28,24-41,15-19,20,F
25/07/2019,QUARTA,17:30,0,1093.81,381,103,203,18-26,23-32,14-20,21,F
26/07/2019,QUINTA,15:30,0,1017.36,310,125,250,17-28,17-29,15-25,19,M
27/07/2019,SEXTA,16:00,3,4136.94,831,264,478,16-24,16-25,14-26,47,M
28/07/2019,SABADO,19:00,0,2935.0,413,144,531,17-31,18-30,15-23,25,F
29/07/2019,DOMINGO,13:00,1,1915.0,391,131,410,21-36,20-31,14-21,20,F
30/07/2019,TERÇA,17:30,0,-319.42,321,87,384,20-33,23-32,14-28,22,M
31/07/2019,QUARTA,14:00,5,1611.84,369,85,315,16-24,30-37,15-21,35,M
01/08/2019,QUINTA,14:30,3,4495.72,322,112,524,21-32,24-41,14-22,25,F
02/08/2019,SEXTA,18:00,1,998.42,347,103,334,21-34,19-37,14-20,35,M
03/08/2019,SABADO,15:00,3,2842.59,323,106,349,16-31,17-29,15-25,23,F
04/08/2019,DOMINGO,18:00,1,2652.21,328,146,414,15-28,18-30,14-21,29,M
05/08/2019,SEGUNDA,17:30,0,3395.73,302,95,368,18-26,18-34,15-20,29,M
06/08/2019,TERÇA,14:00,4,1031.98,345,102,331,20-33,30-37,15-25,29,M
07/08/2019,QUARTA,15:00,0,2008.17,321,129,591,17-28,20-34,14-28,17,F
08/08/2019,QUINTA,18:00,5,640.52,377,137,377,15-28,18-34,14-21,39,F
09/08/2019,SEXTA,15:00,0,3807.07,420,126,440,19-33,29-35,14-25,34,F
10/08/2019,SABADO,17:30,3,4051.64,388,91,562,16-31,24-64,15-25,41,F
11/08/2019,DOMINGO,15:00,5,2551.49,429,87,564,20-30,24-41,15-24,26,F
12/08/2019,SEGUNDA,15:00,0,1577.45,425,107,304,17-26,21-35,14-28,18,F
13/08/2019,TERÇA,14:30,0,820.95,311,124,439,20-33,23-36,13-20,43,F
14/08/2019,QUARTA,18:00,5,3663.43,345,94,363,17-24,18-30,14-28,37,F
15/08/2019,QUINTA,18:00,5,5387.51,441,110,534,21-33,17-29,13-24,42,M
16/08/2019,SEXTA,18:00,3,875.29,398,91,532,21-32,17-39,13-21,39,M
17/08/2019,SABADO,18:00,0,3553.5,370,82,375,19-29,30-47,15-26,19,F
18/08/2019,DOMINGO,13:30,5,2564.35,387,144,492,22-35,20-31,13-25,21,M
19/08/2019,SEGUNDA,13:30,5,2541.74,447,82,345,17-31,18-30,14-19,33,M
20/08/2019,TERÇA,14:30,4,3218.43,437,117,486,14-37,20-34,15-25,26,M
21/08/2019,QUARTA,17:30,4,2584.13,346,109,525,17-31,19-37,14-21,23,F
22/08/2019,QUINTA,14:00,2,2510.46,407,141,503,17-24,24-37,13-20,33,M
23/08/2019,SEXTA,15:00,5,4032.91,409,122,442,17-24,22-35,14-23,24,M
24/08/2019,SABADO,14:00,1,4158.85,357,135,461,16-31,21-32,14-21,35,M
25/08/2019,DOMINGO,14:00,2,3525.19,392,88,446,17-31,23-36,14-22,42,M
26/08/2019,SEGUNDA,17:30,5,418.23,448,118,543,17-24,31-38,13-20,17,F
27/08/2019,TERÇA,14:00,1,3448.58,306,93,458,17-26,23-39,15-27,25,F
28/08/2019,QUARTA,18:00,5,1948.87,398,128,412,21-34,21-37,14-23,39,F
29/08/2019,QUINTA,17:30,1,3256.99,406,104,537,21-36,16-25,13-22,26,M
30/08/2019,SEXTA,15:00,2,3813.47,328,100,377,14-37,23-39,13-20,21,F
31/08/2019,SABADO,17:30,5,943.68,301,149,520,15-24,18-30,14-29,28,F
01/09/2019,DOMINGO,13:30,4,2430.2,418,136,349,21-32,24-36,15-25,36,F
02/09/2019,SEGUNDA,18:00,5,408.85,398,143,509,18-25,22-40,15-24,38,F
03/09/2019,TERÇA,14:30,4,1989.56,300,149,549,20-32,20-33,14-24,41,M
04/09/2019,QUARTA,14:30,2,2147.08,387,146,442,15-28,31-38,14-19,23,F
05/09/2019,QUINTA,14:30,5,1482.76,311,133,593,17-28,26-56,14-19,41,F
06/09/2019,SEXTA,14:00,3,3434.91,360,137,388,16-26,21-37,15-23,24,M
07/09/2019,SABADO,15:00,1,2860.22,309,142,534,21-34,21-32,15-19,21,F
08/09/2019,DOMINGO,13:30,3,1457.83,421,110,355,19-30,23-36,16-23,33,M
09/09/2019,SEGUNDA,13:30,3,3318.09,362,138,487,20-32,25-43,13-20,41,F
10/09/2019,TERÇA,18:00,5,515.21,350,138,477,19-29,30-47,13-20,18,F
11/09/2019,QUARTA,13:30,0,2839.69,318,134,486,19-29,28-36,14-21,31,F
12/09/2019,QUINTA,18:00,0,4196.93,330,92,499,17-24,28-53,15-27,24,M
13/09/2019,SEXTA,15:00,0,4134.58,379,83,504,19-28,25-43,15-25,40,F
14/09/2019,SABADO,18:00,4,1184.91,387,82,325,18-33,24-37,16-23,42,M
15/09/2019,DOMINGO,14:30,1,2503.58,311,89,594,18-33,18-34,16-23,38,M
16/09/2019,SEGUNDA,13:30,0,-135.5,409,81,463,19-30,21-32,15-22,39,M
17/09/2019,TERÇA,14:30,1,4123.43,371,133,469,17-31,17-39,15-21,24,F
18/09/2019,QUARTA,14:00,1,2426.25,420,138,504,19-30,16-25,15-24,29,F
19/09/2019,QUINTA,13:30,0,2477.8,427,118,391,19-28,31-45,14-20,33,F
20/09/2019,SEXTA,14:00,3,3861.94,399,138,519,20-33,24-49,15-27,22,M
21/09/2019,SABADO,14:30,0,3056.67,364,93,535,17-24,22-40,14-25,17,F
22/09/2019,DOMINGO,14:00,1,5161.71,389,84,444,18-30,22-35,13-25,44,M
23/09/2019,SEGUNDA,13:30,0,3974.57,424,82,500,20-30,17-29,14-23,19,M
24/09/2019,TERÇA,15:00,0,4547.41,300,107,429,16-26,22-35,15-24,32,M
25/09/2019,QUARTA,13:30,3,5479.78,328,100,442,16-24,28-38,13-20,26,M
26/09/2019,QUINTA,15:00,4,1620.56,359,135,436,19-29,21-37,14-22,27,F
27/09/2019,SEXTA,18:00,3,5313.94,300,126,446,17-26,17-29,14-22,39,M
28/09/2019,SABADO,15:00,1,1879.28,375,107,484,20-33,24-40,14-26,21,F
29/09/2019,DOMINGO,18:00,5,6535.78,401,119,311,20-32,25-44,15-25,43,M
30/09/2019,SEGUNDA,14:00,2,4447.33,428,126,534,18-26,24-49,14-24,17,F
01/10/2019,TERÇA,15:00,0,1819.21,315,143,317,20-33,21-40,15-19,41,F
02/10/2019,QUARTA,17:30,0,2364.25,435,84,324,17-26,17-39,15-22,17,M
03/10/2019,QUINTA,18:00,0,4420.26,317,93,442,19-33,24-64,15-25,22,F
04/10/2019,SEXTA,18:00,1,3199.71,320,111,459,21-32,21-35,16-27,42,F
05/10/2019,SABADO,14:30,4,1819.85,353,115,593,21-34,22-34,17-22,40,F
06/10/2019,DOMINGO,18:00,1,4943.49,322,96,329,20-33,25-43,16-23,42,M
07/10/2019,SEGUNDA,18:00,1,3146.84,407,104,478,19-29,22-40,15-21,24,M
08/10/2019,TERÇA,17:30,3,3727.49,439,104,342,17-26,24-64,15-22,33,M
09/10/2019,QUARTA,14:30,4,3685.6,316,93,562,15-28,22-35,13-20,26,M
10/10/2019,QUINTA,14:30,1,2060.3,311,97,468,20-30,18-34,15-26,39,M
11/10/2019,SEXTA,15:00,1,2681.01,399,130,383,18-33,16-25,14-25,38,F
12/10/2019,SABADO,14:30,5,3336.49,384,126,580,22-35,28-53,15-22,34,F
13/10/2019,DOMINGO,15:00,3,2948.49,366,102,374,22-35,23-39,14-25,31,F
14/10/2019,SEGUNDA,18:00,0,2630.73,367,131,584,16-31,28-53,15-25,33,F
15/10/2019,TERÇA,18:00,4,-314.57,370,140,369,18-26,31-45,14-25,40,M
16/10/2019,QUARTA,15:00,4,2284.63,433,146,365,16-26,22-38,15-25,40,F
17/10/2019,QUINTA,15:00,4,189.05,380,83,437,17-30,28-38,15-22,18,F
18/10/2019,SEXTA,15:00,0,-449.76,434,147,584,21-36,20-34,14-23,39,M
19/10/2019,SABADO,18:00,1,4914.16,378,99,565,17-31,23-32,14-24,17,F
20/10/2019,DOMINGO,17:30,4,-937.71,303,90,475,21-33,22-38,13-21,37,F
21/10/2019,SEGUNDA,13:30,1,4397.19,374,148,459,17-24,20-34,16-23,32,M
22/10/2019,TERÇA,17:30,3,4761.15,340,115,467,21-32,24-36,13-24,31,M
23/10/2019,QUARTA,15:00,0,2635.31,382,122,395,18-33,24-49,13-20,28,M
24/10/2019,QUINTA,13:30,0,321.38,382,120,411,18-25,22-38,14-22,21,M
25/10/2019,SEXTA,14:00,0,4013.4,416,138,545,18-33,20-33,13-21,22,M
26/10/2019,SABADO,14:00,2,3626.16,317,106,352,21-34,22-35,16-27,27,F
27/10/2019,DOMINGO,18:00,5,6213.71,339,131,384,18-25,20-34,14-25,28,M
28/10/2019,SEGUNDA,17:30,2,1056.94,324,102,407,21-32,24-41,15-23,33,F
29/10/2019,TERÇA,14:00,0,2101.25,301,122,303,19-29,28-38,14-21,39,F
30/10/2019,QUARTA,13:30,5,1689.09,400,142,415,16-31,21-37,15-21,24,M
31/10/2019,QUINTA,14:30,2,2340.48,446,132,596,17-28,21-37,14-19,29,M
01/11/2019,SEXTA,14:30,4,2842.61,437,138,419,19-33,31-38,17-22,21,M
02/11/2019,SABADO,17:30,1,1850.91,309,148,545,16-26,24-49,13-22,30,F
03/11/2019,DOMINGO,13:30,1,3273.24,346,128,302,17-28,25-38,14-24,44,M
04/11/2019,SEGUNDA,17:30,1,1677.27,413,141,511,18-30,28-38,14-29,38,M
05/11/2019,TERÇA,15:00,3,4544.56,443,104,423,17-24,16-25,17-22,28,M
06/11/2019,QUARTA,14:30,1,2171.42,350,86,589,21-32,28-53,14-29,35,F
07/11/2019,QUINTA,17:30,2,3685.89,375,129,543,20-33,31-38,14-22,30,F
08/11/2019,SEXTA,15:00,5,612.75,379,145,445,19-33,23-32,15-20,33,F
09/11/2019,SABADO,15:00,5,3269.92,370,104,333,18-25,18-30,13-20,18,F
10/11/2019,DOMINGO,14:00,5,1513.2,323,95,401,19-28,24-41,14-24,26,F
11/11/2019,SEGUNDA,14:30,1,2148.17,400,100,450,17-30,21-35,14-26,37,M
12/11/2019,TERÇA,14:30,3,2602.6,433,102,373,17-31,20-34,14-26,28,M
13/11/2019,QUARTA,14:30,1,1202.72,419,109,390,18-26,20-33,13-25,20,M
14/11/2019,QUINTA,15:00,1,3805.31,358,144,586,17-28,22-40,15-24,20,M
15/11/2019,SEXTA,14:30,4,1321.89,361,113,482,22-35,24-49,13-22,26,F
16/11/2019,SABADO,15:00,5,732.83,319,141,381,16-26,21-40,17-22,26,M
17/11/2019,DOMINGO,13:30,1,1875.22,342,137,515,18-33,17-39,14-25,41,F
18/11/2019,SEGUNDA,14:30,2,3634.06,429,130,481,17-24,22-40,13-22,31,M
19/11/2019,TERÇA,15:00,4,398.96,307,84,457,17-30,29-35,17-22,23,F
20/11/2019,QUARTA,14:30,5,3657.55,320,134,317,20-30,24-40,15-23,29,F
21/11/2019,QUINTA,13:30,2,3746.16,394,107,538,14-37,29-35,16-27,39,M
22/11/2019,SEXTA,18:00,3,3116.91,308,80,509,20-33,18-34,13-21,20,F
23/11/2019,SABADO,14:30,5,674.33,435,139,381,19-33,31-38,14-23,30,M
24/11/2019,DOMINGO,13:30,3,3268.32,381,136,347,14-37,29-35,13-20,40,F
25/11/2019,SEGUNDA,15:00,0,5868.79,372,143,442,15-28,31-38,15-22,26,M
26/11/2019,TERÇA,17:30,5,467.53,424,120,555,15-24,19-37,15-21,29,F
27/11/2019,QUARTA,13:30,4,2407.85,356,146,360,17-26,24-36,14-26,32,M
28/11/2019,QUINTA,17:30,4,3244.46,340,134,467,15-28,22-34,17-22,36,F
29/11/2019,SEXTA,13:30,2,-147.39,371,102,395,21-34,24-37,13-24,26,F
30/11/2019,SABADO,18:00,0,3845.14,435,132,547,22-35,24-49,15-26,43,M
01/12/2019,DOMINGO,15:00,0,1515.02,388,116,505,14-37,23-36,14-23,29,F
02/12/2019,SEGUNDA,15:00,1,3731.97,385,96,489,20-30,24-41,14-23,44,F
03/12/2019,TERÇA,18:00,1,150.36,385,140,517,16-24,28-38,15-19,31,M
04/12/2019,QUARTA,18:00,3,5701.25,359,97,315,22-35,24-41,13-22,22,M
05/12/2019,QUINTA,14:30,1,1985.76,418,94,478,18-26,24-41,14-29,39,F
06/12/2019,SEXTA,14:00,4,1065.76,341,149,591,16-31,24-41,15-20,35,M
07/12/2019,SABADO,15:00,4,4149.28,420,148,448,21-32,21-37,13-24,20,M
08/12/2019,DOMINGO,17:30,3,1869.54,375,142,527,16-27,31-45,15-19,33,F
09/12/2019,SEGUNDA,13:30,5,1080.28,408,133,310,20-30,22-40,15-20,22,F
10/12/2019,TERÇA,14:30,5,1312.94,404,91,310,20-33,31-45,15-27,22,M
11/12/2019,QUARTA,15:00,5,2519.64,351,84,557,20-33,19-37,13-20,37,F
12/12/2019,QUINTA,14:00,0,1680.16,426,105,381,19-28,24-64,15-21,36,F
13/12/2019,SEXTA,15:00,3,2182.72,402,112,362,14-37,23-36,14-28,44,M
14/12/2019,SABADO,15:00,3,3390.01,347,130,546,17-28,16-25,14-19,35,F
15/12/2019,DOMINGO,14:30,5,3834.36,399,125,309,21-36,20-31,15-20,24,F
16/12/2019,SEGUNDA,17:30,1,2395.89,341,125,430,15-28,24-41,13-21,28,M
17/12/2019,TERÇA,13:30,1,3026.56,300,143,410,19-33,17-39,15-21,29,F
18/12/2019,QUARTA,13:30,4,2822.03,401,95,440,18-30,22-38,13-25,27,M
19/12/2019,QUINTA,13:30,0,3977.97,422,89,494,20-33,25-44,15-25,28,F
20/12/2019,SEXTA,17:30,2,2219.38,308,108,454,17-26,17-39,14-28,34,M
21/12/2019,SABADO,18:00,5,3266.04,396,136,456,19-33,24-37,15-19,32,M
22/12/2019,DOMINGO,13:30,2,-788.74,436,141,335,17-24,20-33,14-20,33,F
23/12/2019,SEGUNDA,13:30,1,-687.09,365,83,499,20-33,28-36,15-26,44,M
24/12/2019,TERÇA,17:30,5,4906.88,392,129,361,17-30,21-32,15-24,41,F
25/12/2019,QUARTA,14:30,2,-815.25,383,124,367,15-28,31-38,13-22,30,F
26/12/2019,QUINTA,13:30,0,2925.77,387,106,462,20-32,25-43,15-26,37,M
27/12/2019,SEXTA,15:00,0,2153.65,398,95,451,22-35,30-47,15-21,32,M
28/12/2019,SABADO,17:30,0,251.58,318,135,373,21-34,24-36,15-25,28,F
29/12/2019,DOMINGO,14:30,5,1672.46,346,146,519,18-33,21-37,15-21,32,F
30/12/2019,SEGUNDA,14:30,1,750.26,420,139,393,22-35,20-34,17-22,39,M
31/12/2019,TERÇA,18:00,1,2956.4,306,124,306,20-30,17-29,14-20,32,M
01/01/2020,QUARTA,13:30,4,4443.01,449,141,519,21-34,16-25,14-21,36,F
02/01/2020,QUINTA,18:00,2,545.12,395,132,531,19-30,25-38,14-29,21,F
03/01/2020,SEXTA,15:00,3,1494.66,345,117,434,16-26,17-29,15-27,42,F
04/01/2020,SABADO,13:30,5,4609.41,335,86,417,16-24,16-25,14-23,27,F
05/01/2020,DOMINGO,18:00,5,625.33,379,111,406,16-24,24-36,13-24,34,M
06/01/2020,SEGUNDA,14:00,0,1239.71,365,82,380,19-29,28-36,13-20,26,F
07/01/2020,TERÇA,17:30,4,-578.7,418,83,523,15-28,22-40,13-21,19,M
08/01/2020,QUARTA,14:00,0,2495.88,433,131,385,21-33,31-38,15-23,38,F
09/01/2020,QUINTA,15:00,5,4474.7,421,96,514,21-36,21-37,14-23,39,F
10/01/2020,SEXTA,14:00,1,4631.03,343,123,591,18-25,16-25,14-21,36,M
11/01/2020,SABADO,14:30,1,3269.67,306,100,308,16-27,24-41,14-19,19,M
12/01/2020,DOMINGO,15:00,3,3066.89,389,101,488,19-33,22-34,15-22,18,M
13/01/2020,SEGUNDA,14:00,4,819.89,417,144,498,16-27,28-36,14-26,29,M
14/01/2020,TERÇA,14:30,2,1330.72,393,136,589,16-26,22-40,14-21,33,F
15/01/2020,QUARTA,17:30,5,3551.95,432,122,449,21-33,22-34,13-25,34,M
16/01/2020,QUINTA,18:00,4,3276.58,366,137,357,21-32,24-49,14-29,26,F
17/01/2020,SEXTA,14:00,4,2862.69,389,96,554,16-31,16-25,14-21,24,F
18/01/2020,SABADO,14:30,3,4123.88,377,95,322,18-26,25-43,15-25,42,M
19/01/2020,DOMINGO,15:00,0,2691.77,308,88,327,17-28,30-37,13-20,44,F
20/01/2020,SEGUNDA,13:30,0,1999.84,394,103,465,14-37,26-56,14-19,32,F
21/01/2020,TERÇA,14:00,3,2700.53,316,98,429,15-28,20-31,16-27,29,F
22/01/2020,QUARTA,17:30,1,4097.27,413,134,359,17-30,25-43,15-23,31,M
23/01/2020,QUINTA,17:30,4,3334.24,347,118,352,18-30,31-38,14-20,21,M
24/01/2020,SEXTA,18:00,1,1956.41,380,140,361,17-24,21-37,14-26,31,F
25/01/2020,SABADO,13:30,2,3481.22,301,142,593,22-35,28-36,16-23,28,M
26/01/2020,DOMINGO,13:30,3,2213.6,441,135,306,19-33,22-38,14-25,43,F
27/01/2020,SEGUNDA,17:30,0,3398.98,419,108,590,17-28,21-35,13-20,29,F
28/01/2020,TERÇA,17:30,1,4362.11,355,104,334,17-31,28-38,14-21,37,M
29/01/2020,QUARTA,14:30,0,645.21,313,80,415,18-30,24-40,15-19,44,F
30/01/2020,QUINTA,14:30,0,7567.89,443,118,540,20-33,28-36,14-25,24,F
31/01/2020,SEXTA,18:00,1,3641.62,413,81,554,17-30,25-38,14-26,22,F
01/02/2020,SABADO,14:30,2,2366.57,352,99,313,19-33,21-35,14-19,33,M
02/02/2020,DOMINGO,18:00,5,877.05,403,131,361,20-32,24-49,15-27,24,F
03/02/2020,SEGUNDA,14:00,2,1542.34,343,110,525,18-25,28-36,17-22,33,F
04/02/2020,TERÇA,14:00,0,1878.71,354,142,538,15-28,19-37,15-20,17,F
05/02/2020,QUARTA,17:30,2,2885.82,304,101,492,19-28,21-37,15-24,33,F
06/02/2020,QUINTA,14:00,0,2906.28,343,149,453,21-32,22-35,14-20,36,M
07/02/2020,SEXTA,14:00,5,5436.9,305,80,541,21-32,23-39,14-21,37,M
08/02/2020,SABADO,13:30,4,4184.73,337,146,485,17-26,28-53,15-22,24,F
09/02/2020,DOMINGO,17:30,1,5421.75,304,136,342,16-31,21-32,14-22,43,F
10/02/2020,SEGUNDA,18:00,5,2069.68,387,138,519,22-35,24-64,15-24,42,M
11/02/2020,TERÇA,18:00,2,3170.69,311,107,567,22-35,21-40,13-20,36,F
12/02/2020,QUARTA,18:00,2,5402.25,348,147,422,19-33,23-39,15-22,22,F
13/02/2020,QUINTA,13:30,5,1166.8,415,139,512,20-32,21-37,14-23,37,F
14/02/2020,SEXTA,14:00,2,2705.66,388,134,483,22-35,24-41,15-27,23,M
15/02/2020,SABADO,14:30,5,4434.01,361,107,375,22-35,26-56,13-20,27,F
16/02/2020,DOMINGO,14:00,2,52.6,310,109,467,15-28,24-49,14-28,37,F
17/02/2020,SEGUNDA,15:00,0,4249.79,438,139,323,17-28,24-64,16-27,23,M
18/02/2020,TERÇA,14:30,3,3063.58,415,126,534,15-24,25-44,14-23,20,M
19/02/2020,QUARTA,14:00,3,2679.88,324,132,360,19-33,20-33,14-26,39,M
20/02/2020,QUINTA,15:00,1,1799.4,390,139,346,17-30,25-38,15-19,38,F
21/02/2020,SEXTA,18:00,1,716.07,414,143,334,15-28,26-56,15-20,40,M
22/02/2020,SABADO,14:30,2,1604.49,351,118,323,17-31,25-38,15-26,37,M
23/02/2020,DOMINGO,13:30,1,1572.82,335,111,584,20-32,18-34,13-24,32,M
24/02/2020,SEGUNDA,15:00,3,4224.58,431,92,554,18-26,23-39,13-21,22,M
25/02/2020,TERÇA,14:00,3,3883.77,387,90,417,20-32,26-56,14-25,28,M
26/02/2020,QUARTA,18:00,3,2953.53,397,93,576,17-31,31-45,13-20,36,M
27/02/2020,QUINTA,14:00,2,3252.86,358,146,510,22-35,20-31,13-21,19,F
28/02/2020,SEXTA,17:30,1,137.62,439,122,480,15-24,23-32,15-27,21,M
29/02/2020,SABADO,15:00,0,1273.03,439,140,412,19-29,24-36,13-25,36,F
01/03/2020,DOMINGO,14:00,4,2472.51,406,97,349,16-26,22-40,13-22,43,M
02/03/2020,SEGUNDA,13:30,1,2607.33,342,125,371,18-33,25-44,14-23,43,M
03/03/2020,TERÇA,17:30,5,-107.28,328,114,300,19-33,17-29,15-26,37,M
04/03/2020,QUARTA,17:30,1,4462.46,347,116,361,17-28,23-39,13-20,38,M
05/03/2020,QUINTA,14:00,4,1163.44,308,91,470,15-24,24-49,15-27,18,F
06/03/2020,SEXTA,18:00,4,2629.36,443,96,409,17-31,29-35,16-27,21,M
07/03/2020,SABADO,17:30,0,1356.99,359,82,486,16-24,18-30,14-25,41,F
08/03/2020,DOMINGO,14:00,5,3707.87,332,119,302,21-32,31-38,13-24,31,M
09/03/2020,SEGUNDA,14:00,5,736.88,312,109,466,19-33,22-34,15-25,35,M
10/03/2020,TERÇA,15:00,3,2550.56,447,138,316,17-31,23-39,13-22,18,F
11/03/2020,QUARTA,15:00,3,4010.23,313,121,337,16-27,23-39,14-23,42,M
12/03/2020,QUINTA,14:00,0,2894.71,438,148,307,18-26,30-47,17-22,35,F
13/03/2020,SEXTA,14:30,1,4073.46,421,143,443,17-31,25-38,13-21,21,F
14/03/2020,SABADO,14:00,2,2411.41,325,95,472,19-30,23-32,16-27,42,M
15/03/2020,DOMINGO,15:00,3,1173.93,440,85,319,17-24,20-31,14-20,28,F
16/03/2020,SEGUNDA,14:00,1,929.72,312,117,594,16-24,28-36,14-25,17,M
17/03/2020,TERÇA,17:30,5,3019.14,404,119,530,21-34,28-53,15-27,17,M
18/03/2020,QUARTA,13:30,2,2307.57,363,140,483,21-32,17-29,14-24,39,F
19/03/2020,QUINTA,14:00,0,2978.74,300,86,402,17-26,24-49,14-20,28,M
20/03/2020,SEXTA,18:00,0,2959.37,357,96,414,17-28,20-31,13-22,28,F
21/03/2020,SABADO,14:00,5,3698.36,438,123,320,15-28,24-36,15-24,35,F
22/03/2020,DOMINGO,17:30,5,2662.77,308,132,349,19-29,23-36,14-19,35,M
23/03/2020,SEGUNDA,13:30,3,468.4,448,126,422,18-26,31-38,15-19,34,F
24/03/2020,TERÇA,18:00,4,-494.85,398,99,339,20-33,19-37,13-21,23,F
25/03/2020,QUARTA,15:00,0,1891.18,350,132,553,16-24,31-38,14-20,25,M
26/03/2020,QUINTA,18:00,1,2534.38,377,122,437,16-26,24-36,17-22,40,F
27/03/2020,SEXTA,18:00,1,2928.56,420,100,477,17-31,19-37,15-25,38,F
28/03/2020,SABADO,14:30,0,-606.64,420,133,588,19-29,21-40,15-23,30,M
29/03/2020,DOMINGO,18:00,5,2189.48,348,141,525,17-31,20-31,15-23,27,M
30/03/2020,SEGUNDA,15:00,2,2321.72,419,91,484,16-31,28-53,16-27,29,M
31/03/2020,TERÇA,14:00,1,1305.4,377,102,462,18-30,24-49,14-29,32,F
01/04/2020,QUARTA,14:30,5,2853.82,400,107,453,17-31,24-49,14-29,41,F
02/04/2020,QUINTA,14:00,3,4167.39,397,84,319,18-26,28-38,15-23,42,F
03/04/2020,SEXTA,13:30,1,4760.48,432,92,318,17-30,31-38,14-23,22,M
04/04/2020,SABADO,14:00,4,1727.41,301,147,544,16-27,24-41,15-21,18,M
05/04/2020,DOMINGO,14:00,3,3658.06,441,119,582,17-31,28-38,15-26,33,F
06/04/2020,SEGUNDA,14:30,2,3248.36,306,115,560,21-33,21-35,15-26,23,F
07/04/2020,TERÇA,17:30,5,5376.2,419,102,372,16-26,21-40,14-26,23,F
08/04/2020,QUARTA,14:30,5,4845.42,395,115,570,19-33,22-38,16-27,32,M
09/04/2020,QUINTA,17:30,3,2046.91,332,96,349,16-27,23-36,14-24,17,M
10/04/2020,SEXTA,15:00,1,2919.86,432,121,597,17-28,25-44,15-20,34,F
11/04/2020,SABADO,13:30,2,2666.39,415,121,553,20-30,31-45,16-27,40,M
12/04/2020,DOMINGO,18:00,1,-44.15,356,128,301,20-33,28-36,15-24,18,F
13/04/2020,SEGUNDA,14:00,3,1391.87,413,147,342,20-32,25-38,15-25,26,M
14/04/2020,TERÇA,14:30,2,1132.79,343,95,456,17-26,18-34,16-27,29,M
15/04/2020,QUARTA,18:00,1,2247.11,378,96,483,21-33,16-25,14-24,18,F
16/04/2020,QUINTA,14:00,1,1703.64,410,83,303,15-24,29-35,15-27,21,M
17/04/2020,SEXTA,14:30,2,2377.8,322,87,339,19-29,22-38,16-27,33,F
18/04/2020,SABADO,17:30,0,3189.64,351,113,593,19-30,20-34,13-22,19,M
19/04/2020,DOMINGO,14:00,4,2723.08,407,104,392,17-28,23-36,14-29,36,F
20/04/2020,SEGUNDA,15:00,2,713.07,351,108,372,17-24,30-37,14-21,28,F
21/04/2020,TERÇA,14:00,4,366.88,321,131,515,17-24,29-35,14-26,42,F
22/04/2020,QUARTA,14:00,0,2261.62,446,129,401,16-31,31-38,15-20,25,M
23/04/2020,QUINTA,13:30,0,2827.52,440,93,510,16-27,19-37,15-26,21,F
24/04/2020,SEXTA,17:30,4,3053.54,429,85,525,17-30,24-64,15-27,20,F
25/04/2020,SABADO,14:00,1,3841.13,361,117,355,19-29,25-44,15-19,44,M
26/04/2020,DOMINGO,15:00,5,2370.71,361,112,406,14-37,24-36,13-24,41,M
27/04/2020,SEGUNDA,14:00,2,1904.88,349,130,309,19-29,24-49,13-25,37,F
28/04/2020,TERÇA,13:30,3,3594.72,361,100,455,15-28,20-34,15-23,24,M
29/04/2020,QUARTA,15:00,1,3910.98,380,83,445,18-33,17-29,15-21,19,M
30/04/2020,QUINTA,17:30,3,5238.12,422,103,583,19-29,29-35,14-23,39,F
01/05/2020,SEXTA,13:30,3,3948.54,372,128,576,16-24,21-35,14-21,40,M
02/05/2020,SABADO,18:00,2,4665.1,304,98,578,21-33,17-39,15-24,29,M
03/05/2020,DOMINGO,14:30,5,1548.21,384,95,446,19-33,22-35,14-28,23,M
04/05/2020,SEGUNDA,14:00,4,2657.66,314,88,582,19-30,24-40,15-23,31,M
05/05/2020,TERÇA,14:00,1,5787.61,338,138,392,16-26,26-56,13-25,38,F
06/05/2020,QUARTA,15:00,4,1298.96,402,147,329,19-33,23-32,13-21,24,F
07/05/2020,QUINTA,14:30,2,5836.56,434,138,577,16-27,24-36,14-26,32,M
08/05/2020,SEXTA,14:30,4,2168.18,328,108,316,21-36,16-25,14-19,42,F
09/05/2020,SABADO,14:30,3,1909.59,443,89,468,20-33,24-41,15-19,39,F
10/05/2020,DOMINGO,15:00,0,867.83,380,106,542,19-33,24-40,15-21,42,F
11/05/2020,SEGUNDA,17:30,5,3085.89,441,114,397,18-25,24-40,14-25,34,M
12/05/2020,TERÇA,17:30,4,2038.21,380,114,599,21-34,26-56,16-27,35,F
13/05/2020,QUARTA,15:00,0,3577.7,315,95,347,18-30,24-41,13-21,22,M
14/05/2020,QUINTA,14:30,0,2762.94,353,143,447,20-30,28-36,14-24,38,M
15/05/2020,SEXTA,14:00,4,4038.07,323,133,519,19-30,22-34,15-21,40,M
16/05/2020,SABADO,17:30,3,5121.05,443,140,544,18-25,20-31,15-27,40,M
17/05/2020,DOMINGO,15:00,5,2488.21,414,91,598,16-26,31-38,13-24,20,F
18/05/2020,SEGUNDA,15:00,0,2128.29,357,85,348,20-30,24-49,13-21,27,M
19/05/2020,TERÇA,13:30,3,2961.2,411,124,556,19-33,20-33,15-23,33,F
20/05/2020,QUARTA,14:00,1,2097.29,372,109,472,16-27,24-36,17-22,21,F
21/05/2020,QUINTA,18:00,0,1989.66,359,137,520,21-32,21-32,14-29,18,M
22/05/2020,SEXTA,14:30,3,1012.32,317,89,414,19-30,20-34,14-28,26,M
23/05/2020,SABADO,15:00,0,3556.47,422,86,376,16-27,21-40,14-21,27,F
24/05/2020,DOMINGO,13:30,4,2979.37,387,86,588,16-26,23-36,14-20,20,F
25/05/2020,SEGUNDA,14:00,0,3122.94,418,97,354,20-33,21-37,14-20,33,M
26/05/2020,TERÇA,14:00,0,972.36,302,88,515,17-30,24-40,14-28,37,F
27/05/2020,QUARTA,17:30,0,2933.54,417,81,341,17-26,24-41,14-20,28,M
28/05/2020,QUINTA,14:00,0,2691.19,361,148,584,20-33,26-56,16-27,29,M
29/05/2020,SEXTA,15:00,2,4275.97,370,131,553,18-25,24-41,15-25,20,M
30/05/2020,SABADO,13:30,1,2321.22,403,124,450,21-34,17-29,13-24,41,M
31/05/2020,DOMINGO,14:00,3,2760.96,310,136,542,16-26,18-30,16-23,31,M
01/06/2020,SEGUNDA,14:30,2,1328.2,331,98,331,17-24,24-49,15-19,44,F
02/06/2020,TERÇA,17:30,1,5352.32,344,114,356,21-33,21-40,15-27,43,M
03/06/2020,QUARTA,15:00,0,4598.67,312,107,473,20-33,21-35,16-23,17,F
04/06/2020,QUINTA,18:00,3,1702.91,365,128,442,19-33,16-25,13-22,42,F
05/06/2020,SEXTA,18:00,2,741.88,301,149,427,18-25,23-36,13-24,29,F
06/06/2020,SABADO,14:30,0,4924.19,337,87,304,21-34,31-45,14-23,22,M
07/06/2020,DOMINGO,17:30,1,130.71,342,149,319,16-31,24-36,13-22,28,M
08/06/2020,SEGUNDA,13:30,4,3169.05,446,145,340,19-30,23-36,14-21,44,F
09/06/2020,TERÇA,18:00,2,737.54,365,143,314,19-29,31-45,14-26,31,M
10/06/2020,QUARTA,18:00,4,1210.6,305,122,328,19-28,19-37,14-20,43,F
11/06/2020,QUINTA,17:30,5,6255.61,347,102,312,17-24,22-40,14-19,33,F
12/06/2020,SEXTA,14:30,3,1241.21,402,129,461,16-24,23-39,15-23,19,F
13/06/2020,SABADO,14:30,3,1861.37,372,132,428,19-28,26-56,13-22,27,M
14/06/2020,DOMINGO,18:00,3,2700.14,361,120,461,20-33,26-56,13-20,19,F
15/06/2020,SEGUNDA,14:30,2,2487.71,312,113,596,18-25,17-29,14-23,17,M
16/06/2020,TERÇA,15:00,5,2233.91,442,104,353,16-31,20-34,14-23,40,M
17/06/2020,QUARTA,13:30,5,1163.11,360,143,319,16-31,23-36,14-28,37,M
18/06/2020,QUINTA,14:30,4,2789.76,343,103,423,17-26,17-29,16-23,32,M
19/06/2020,SEXTA,17:30,5,1859.95,396,124,491,21-33,21-40,14-26,35,M
20/06/2020,SABADO,18:00,5,3510.12,324,139,369,19-33,23-39,17-22,19,M
21/06/2020,DOMINGO,14:00,3,743.23,431,105,556,16-27,25-44,16-27,17,F
22/06/2020,SEGUNDA,18:00,1,3172.23,361,113,517,16-31,23-32,16-27,25,M
23/06/2020,TERÇA,15:00,1,6031.59,300,111,460,16-24,20-33,16-27,17,M
24/06/2020,QUARTA,13:30,1,4072.99,320,130,471,17-31,28-53,15-27,39,M
25/06/2020,QUINTA,18:00,5,2545.67,345,123,409,21-32,24-41,14-29,36,M
26/06/2020,SEXTA,18:00,1,2377.78,397,131,572,20-32,28-53,15-23,21,M
27/06/2020,SABADO,13:30,3,2786.26,435,148,542,16-26,22-34,13-24,40,F
28/06/2020,DOMINGO,13:30,2,4290.78,333,147,473,21-34,24-40,15-24,28,F
29/06/2020,SEGUNDA,15:00,0,2720.01,396,99,305,21-33,31-38,14-28,42,F
30/06/2020,TERÇA,15:00,1,4159.65,314,132,314,19-28,21-35,15-23,26,F
01/07/2020,QUARTA,14:00,0,1485.56,420,92,510,20-32,21-37,13-20,18,M
02/07/2020,QUINTA,15:00,4,2687.16,370,83,579,18-26,22-40,15-25,20,M
03/07/2020,SEXTA,14:30,4,2311.06,432,121,527,16-24,24-40,15-21,40,F
04/07/2020,SABADO,14:00,1,2255.71,306,138,407,19-30,20-31,13-20,22,F
05/07/2020,DOMINGO,17:30,3,2648.67,303,123,395,16-26,17-39,15-25,26,F
06/07/2020,SEGUNDA,17:30,4,4600.77,368,132,428,18-25,23-32,15-21,21,M
07/07/2020,TERÇA,13:30,3,1163.59,354,84,378,18-25,18-30,13-25,19,F
08/07/2020,QUARTA,15:00,0,3912.23,413,83,570,20-33,21-37,15-23,22,M
09/07/2020,QUINTA,17:30,2,894.06,300,87,510,17-26,22-38,15-19,43,F
10/07/2020,SEXTA,18:00,3,2703.48,365,148,405,18-26,20-33,15-20,24,F
11/07/2020,SABADO,14:00,1,4568.55,358,122,538,19-29,24-37,13-22,32,F
12/07/2020,DOMINGO,18:00,3,4063.39,383,107,577,16-27,19-37,15-19,40,F
13/07/2020,SEGUNDA,18:00,2,1101.06,329,90,395,21-34,30-37,14-23,22,F
14/07/2020,TERÇA,14:30,2,5094.21,374,118,441,19-29,29-35,15-21,19,M
15/07/2020,QUARTA,17:30,3,3563.25,322,106,497,18-30,30-47,14-23,42,M
16/07/2020,QUINTA,13:30,4,2333.1,346,98,465,17-31,24-37,15-23,25,M
17/07/2020,SEXTA,14:30,2,3469.36,325,122,549,21-36,22-38,14-28,37,M
18/07/2020,SABADO,18:00,5,3332.47,307,140,405,16-27,23-32,15-26,29,M
19/07/2020,DOMINGO,18:00,1,2754.72,439,132,311,17-31,24-37,15-27,31,F
20/07/2020,SEGUNDA,18:00,1,2999.48,380,115,591,16-27,24-41,14-28,26,F
21/07/2020,TERÇA,13:30,0,1963.5,338,108,417,17-26,29-35,14-26,23,F
22/07/2020,QUARTA,15:00,2,5731.62,436,106,361,21-36,23-36,13-24,42,F
23/07/2020,QUINTA,13:30,3,2862.23,411,111,532,14-37,20-31,13-25,32,F
24/07/2020,SEXTA,15:00,0,4042.0,438,106,373,17-26,17-29,15-22,30,M
25/07/2020,SABADO,18:00,1,2662.86,389,122,356,21-34,24-49,14-19,22,M
26/07/2020,DOMINGO,13:30,0,1547.47,437,98,300,18-25,25-44,13-21,29,F
27/07/2020,SEGUNDA,14:30,3,1907.78,355,149,509,17-28,23-32,14-25,31,F
28/07/2020,TERÇA,13:30,1,1887.39,337,131,513,18-33,24-49,14-26,30,M
29/07/2020,QUARTA,14:30,4,2103.8,329,108,328,21-34,25-38,14-26,20,F
30/07/2020,QUINTA,13:30,2,1487.45,325,142,474,18-26,25-44,16-23,41,F
31/07/2020,SEXTA,14:00,3,4425.13,358,124,417,16-27,31-45,15-26,23,M
01/08/2020,SABADO,17:30,0,2457.0,371,135,403,21-32,18-34,14-29,28,M
02/08/2020,DOMINGO,13:30,2,4304.58,303,88,578,18-30,23-39,15-19,22,M
03/08/2020,SEGUNDA,18:00,4,3856.83,309,138,540,18-26,20-34,14-24,26,M
04/08/2020,TERÇA,14:30,2,4698.88,401,140,455,19-28,16-25,14-23,36,M
05/08/2020,QUARTA,17:30,5,3776.9,373,142,435,18-30,22-34,13-21,30,F
06/08/2020,QUINTA,15:00,4,1713.24,317,117,322,19-30,22-38,16-23,23,F
07/08/2020,SEXTA,13:30,3,1832.18,346,120,502,17-28,24-37,14-26,32,M
08/08/2020,SABADO,17:30,1,5093.38,393,148,347,15-28,21-37,17-22,20,F
09/08/2020,DOMINGO,14:00,0,1434.06,334,90,352,16-31,25-44,16-27,42,M
10/08/2020,SEGUNDA,13:30,5,1269.33,349,85,594,21-32,28-53,14-19,35,M
11/08/2020,TERÇA,17:30,5,4609.03,412,123,582,19-29,20-31,16-23,26,M
12/08/2020,QUARTA,13:30,0,2371.65,376,115,579,16-31,23-36,14-26,36,M
13/08/2020,QUINTA,15:00,3,966.34,311,92,390,17-31,20-31,15-26,34,M
14/08/2020,SEXTA,14:30,3,3745.27,420,133,593,18-25,22-38,15-19,42,F
15/08/2020,SABADO,15:00,5,4272.81,398,105,378,18-26,29-35,14-20,37,F
16/08/2020,DOMINGO,18:00,0,2639.48,398,109,526,21-34,22-34,15-19,27,M
17/08/2020,SEGUNDA,17:30,0,2437.42,405,123,383,16-26,24-36,15-22,33,F
18/08/2020,TERÇA,14:30,4,3746.69,351,97,480,15-24,22-35,14-23,29,F
19/08/2020,QUARTA,13:30,1,2037.32,382,135,308,16-26,25-43,14-24,24,F
20/08/2020,QUINTA,13:30,1,2182.9,355,116,333,19-28,23-32,15-20,28,F
21/08/2020,SEXTA,13:30,4,2696.03,449,82,464,21-34,23-36,14-19,17,F
22/08/2020,SABADO,18:00,4,2314.77,361,138,303,22-35,25-38,14-22,21,M
23/08/2020,DOMINGO,15:00,2,3009.27,351,110,363,15-28,24-64,14-23,20,F
24/08/2020,SEGUNDA,14:00,5,2388.71,406,116,479,17-30,18-30,16-27,22,M
25/08/2020,TERÇA,14:30,4,3035.57,315,101,547,22-35,16-25,15-27,21,F
26/08/2020,QUARTA,14:30,1,3763.31,381,124,484,21-36,17-39,13-25,23,F
27/08/2020,QUINTA,14:30,1,1896.75,388,100,303,21-34,29-35,14-22,17,M
28/08/2020,SEXTA,15:00,2,4001.36,339,99,368,21-33,21-40,15-21,42,M
29/08/2020,SABADO,15:00,4,3501.98,337,121,482,14-37,20-34,14-20,28,M
30/08/2020,DOMINGO,17:30,2,997.48,392,147,489,16-24,24-40,13-20,22,M
31/08/2020,SEGUNDA,18:00,2,5168.57,364,134,574,21-32,21-32,16-27,40,M
01/09/2020,TERÇA,15:00,4,3407.33,415,124,416,19-29,21-40,13-25,39,M
02/09/2020,QUARTA,14:30,3,2629.16,428,124,329,18-33,23-36,17-22,36,M
03/09/2020,QUINTA,14:30,4,2880.72,449,82,481,15-28,21-37,14-21,39,F
04/09/2020,SEXTA,15:00,5,2075.94,389,109,534,14-37,23-39,14-19,32,M
05/09/2020,SABADO,18:00,1,2781.79,312,128,424,15-24,22-35,14-26,36,M
06/09/2020,DOMINGO,14:30,5,2306.22,387,111,490,14-37,22-35,14-26,30,M
07/09/2020,SEGUNDA,17:30,1,1984.45,424,95,553,21-34,25-43,15-23,25,F
08/09/2020,TERÇA,14:30,3,2251.92,337,117,338,18-30,24-49,17-22,23,M
09/09/2020,QUARTA,17:30,4,2621.03,418,144,590,19-29,23-39,14-23,23,M
10/09/2020,QUINTA,17:30,4,2302.91,322,117,353,16-31,18-34,13-24,22,M
11/09/2020,SEXTA,17:30,2,4309.98,376,148,347,17-28,22-35,13-20,41,M
12/09/2020,SABADO,18:00,1,3899.85,301,124,516,18-25,26-56,14-23,39,F
13/09/2020,DOMINGO,15:00,0,4926.74,366,109,476,18-33,29-35,15-23,43,F
14/09/2020,SEGUNDA,14:00,4,4377.59,352,129,381,16-31,24-49,13-25,17,M
15/09/2020,TERÇA,18:00,1,5929.58,361,99,362,16-31,24-41,13-21,29,F
16/09/2020,QUARTA,17:30,1,3621.16,379,93,405,19-33,20-31,15-26,17,M
17/09/2020,QUINTA,14:30,5,2327.52,331,91,342,17-26,18-30,14-20,18,F
18/09/2020,SEXTA,18:00,4,3522.49,407,119,427,15-24,24-36,13-24,35,M
19/09/2020,SABADO,14:00,5,3049.74,302,80,431,18-26,17-39,15-27,44,M
20/09/2020,DOMINGO,18:00,0,3119.6,411,125,404,17-24,28-53,14-29,35,M
21/09/2020,SEGUNDA,13:30,1,4727.63,363,90,511,16-31,18-30,14-25,39,M
22/09/2020,TERÇA,14:00,5,1772.4,321,106,507,17-31,31-38,15-27,35,F
23/09/2020,QUARTA,14:00,5,2770.56,378,141,569,16-27,22-38,15-23,24,F
24/09/2020,QUINTA,18:00,3,2570.16,379,105,310,21-32,18-34,14-26,43,F
25/09/2020,SEXTA,18:00,2,2867.69,318,82,423,18-26,28-36,14-21,26,M
26/09/2020,SABADO,18:00,1,695.22,443,135,417,20-32,25-43,13-22,41,F
27/09/2020,DOMINGO,14:30,2,4567.29,417,119,502,15-24,22-34,14-25,35,M
28/09/2020,SEGUNDA,17:30,0,-713.0,307,127,493,21-32,28-36,15-24,34,M
29/09/2020,TERÇA,14:00,1,2160.46,375,139,459,17-30,16-25,13-24,20,F
30/09/2020,QUARTA,13:30,0,3871.66,377,93,446,16-24,21-37,13-25,30,F
01/10/2020,QUINTA,14:00,5,4837.69,359,120,538,18-26,25-43,15-27,30,F
02/10/2020,SEXTA,18:00,0,1374.8,423,91,374,16-26,28-53,15-23,34,F
03/10/2020,SABADO,17:30,3,2280.79,366,107,501,15-28,25-44,14-24,40,F
04/10/2020,DOMINGO,14:00,3,1770.98,331,91,483,20-30,18-30,14-29,25,F
05/10/2020,SEGUNDA,14:30,2,-48.0,395,145,300,18-33,28-53,13-22,31,F
06/10/2020,TERÇA,18:00,4,3042.34,373,85,387,21-34,29-35,15-26,23,F
07/10/2020,QUARTA,18:00,3,4082.33,351,83,395,20-33,24-41,14-25,39,M
08/10/2020,QUINTA,18:00,4,3370.25,419,107,460,16-31,26-56,13-20,25,M
09/10/2020,SEXTA,18:00,3,1648.5,425,82,412,21-34,23-32,15-21,29,F
10/10/2020,SABADO,17:30,1,3422.41,430,106,423,16-24,25-43,14-21,28,F
11/10/2020,DOMINGO,18:00,4,4636.95,347,85,309,17-24,20-33,13-25,22,F
12/10/2020,SEGUNDA,14:00,3,2751.87,306,144,334,17-31,23-39,15-21,36,F
13/10/2020,TERÇA,18:00,5,2577.28,326,91,566,15-28,22-34,15-26,19,F
14/10/2020,QUARTA,14:00,2,-69.84,366,97,578,17-31,23-36,13-25,25,M
15/10/2020,QUINTA,15:00,0,3160.88,315,127,474,14-37,24-37,13-22,28,F
16/10/2020,SEXTA,14:30,0,621.99,316,82,455,16-24,16-25,14-29,30,F
17/10/2020,SABADO,14:30,0,2470.98,435,82,576,21-36,25-38,13-25,36,F
18/10/2020,DOMINGO,13:30,1,2607.49,344,124,417,20-32,22-34,14-23,31,M
19/10/2020,SEGUNDA,13:30,0,2634.98,399,86,523,16-27,17-39,15-21,18,M
20/10/2020,TERÇA,18:00,5,3930.89,419,128,399,17-28,20-31,14-21,40,F
21/10/2020,QUARTA,13:30,1,1549.79,332,111,399,17-31,30-47,13-21,29,M
22/10/2020,QUINTA,14:30,2,4435.85,319,102,414,17-24,25-44,14-19,36,M
23/10/2020,SEXTA,15:00,1,2716.68,342,103,507,20-30,24-64,15-26,20,M
24/10/2020,SABADO,14:00,1,3864.0,329,136,331,21-33,22-35,15-23,38,M
25/10/2020,DOMINGO,18:00,3,2911.19,341,81,592,21-32,19-37,14-25,43,F
26/10/2020,SEGUNDA,18:00,4,2035.02,425,95,334,17-24,20-34,13-21,41,F
27/10/2020,TERÇA,14:00,1,3421.85,340,100,391,22-35,21-35,16-27,32,F
28/10/2020,QUARTA,13:30,3,-467.66,382,86,499,21-33,31-38,15-21,24,F
29/10/2020,QUINTA,18:00,4,3177.58,370,130,385,21-33,24-49,15-24,42,F
30/10/2020,SEXTA,13:30,4,3629.14,329,139,365,16-31,21-37,15-23,18,F
31/10/2020,SABADO,14:30,1,4444.06,395,99,375,19-28,22-35,17-22,22,F
01/11/2020,DOMINGO,15:00,0,3864.82,444,84,436,18-30,25-43,13-24,41,M
02/11/2020,SEGUNDA,14:00,1,7539.2,440,94,580,17-30,23-39,14-21,28,M
03/11/2020,TERÇA,15:00,5,5358.2,392,136,374,16-24,29-35,15-24,39,M
04/11/2020,QUARTA,18:00,5,3155.35,349,87,541,18-33,25-43,14-29,40,M
05/11/2020,QUINTA,17:30,2,3261.16,401,142,595,19-30,20-33,13-24,28,M
06/11/2020,SEXTA,14:00,3,705.42,447,140,585,19-33,16-25,16-27,44,M
07/11/2020,SABADO,17:30,2,2569.49,334,137,581,15-24,20-33,14-19,36,F
08/11/2020,DOMINGO,18:00,4,2215.17,407,96,470,20-30,22-35,17-22,44,M
09/11/2020,SEGUNDA,14:30,1,5180.65,386,130,317,16-24,25-43,14-28,32,F
10/11/2020,TERÇA,15:00,3,4456.49,420,100,363,15-28,18-30,13-20,40,F
11/11/2020,QUARTA,17:30,1,1323.03,392,85,383,18-30,22-40,14-20,31,F
12/11/2020,QUINTA,17:30,3,1360.3,396,136,439,17-28,20-33,15-22,42,F
13/11/2020,SEXTA,14:30,0,824.56,433,98,570,22-35,25-38,14-26,21,M
14/11/2020,SABADO,18:00,2,200.22,371,133,502,18-30,21-32,14-23,19,M
15/11/2020,DOMINGO,14:30,5,3790.78,349,148,471,19-29,30-37,14-22,21,F
16/11/2020,SEGUNDA,18:00,1,1734.97,357,117,382,21-32,19-37,14-21,43,M
17/11/2020,TERÇA,17:30,5,508.11,330,86,558,15-24,18-30,15-23,17,F
18/11/2020,QUARTA,17:30,1,3023.28,388,84,528,21-32,20-34,15-27,22,M
19/11/2020,QUINTA,14:00,5,-959.14,423,129,555,17-26,16-25,13-25,41,F
20/11/2020,SEXTA,14:00,0,4370.07,400,94,508,18-30,20-34,15-19,19,F
21/11/2020,SABADO,17:30,0,2937.87,410,121,336,17-24,28-36,14-20,43,F
22/11/2020,DOMINGO,15:00,4,1470.37,347,113,304,17-26,19-37,14-26,33,F
23/11/2020,SEGUNDA,18:00,1,1112.89,352,88,403,19-30,22-38,15-25,35,F
24/11/2020,TERÇA,13:30,4,1881.9,394,100,562,19-28,31-45,15-24,39,M
25/11/2020,QUARTA,15:00,5,2883.64,445,99,447,21-33,29-35,17-22,29,M
26/11/2020,QUINTA,14:00,3,410.1,324,121,424,16-27,20-33,15-21,38,F
27/11/2020,SEXTA,14:30,2,1677.32,401,141,458,17-26,23-36,14-20,40,F
28/11/2020,SABADO,17:30,3,2801.93,301,139,331,14-37,20-34,15-20,24,F
29/11/2020,DOMINGO,18:00,4,4698.02,333,107,579,17-26,20-33,14-20,28,F
30/11/2020,SEGUNDA,18:00,4,3373.03,344,101,410,16-27,25-43,14-29,21,F
01/12/2020,TERÇA,18:00,2,2470.89,391,111,589,15-24,24-36,14-21,38,F
02/12/2020,QUARTA,14:30,5,4356.17,318,128,565,20-33,20-31,15-22,31,F
03/12/2020,QUINTA,17:30,3,3925.05,393,126,536,19-28,24-40,15-21,37,F
04/12/2020,SEXTA,18:00,2,2655.36,359,88,580,17-28,23-32,15-25,35,F
05/12/2020,SABADO,15:00,3,3663.89,335,103,473,17-30,22-35,13-24,37,F
06/12/2020,DOMINGO,14:30,3,979.11,352,148,527,19-30,18-30,14-19,24,M
07/12/2020,SEGUNDA,18:00,3,2288.58,384,135,391,16-27,25-43,14-24,27,F
08/12/2020,TERÇA,17:30,0,1943.2,448,126,365,19-33,22-40,13-22,33,M
09/12/2020,QUARTA,15:00,4,3680.37,380,110,596,19-29,31-45,15-27,22,F
10/12/2020,QUINTA,18:00,4,4026.33,340,145,532,19-30,25-43,16-23,36,F
11/12/2020,SEXTA,17:30,3,4531.57,413,114,574,14-37,20-31,13-24,32,M
12/12/2020,SABADO,13:30,1,3569.26,310,130,405,21-32,21-40,15-21,28,F
13/12/2020,DOMINGO,15:00,0,2273.18,412,108,339,14-37,18-34,14-23,30,F
14/12/2020,SEGUNDA,17:30,5,-451.69,431,135,401,17-26,23-39,15-23,21,M
15/12/2020,TERÇA,15:00,3,3670.8,440,119,586,15-24,31-45,14-28,23,M
16/12/2020,QUARTA,17:30,4,1504.01,414,112,441,16-31,31-45,15-20,22,F
17/12/2020,QUINTA,14:30,3,-712.38,418,88,347,18-25,23-32,13-24,27,M
18/12/2020,SEXTA,17:30,3,2088.56,341,137,490,19-30,25-38,13-25,18,F
19/12/2020,SABADO,14:00,4,1911.71,416,90,506,17-31,22-35,13-25,31,F
20/12/2020,DOMINGO,18:00,4,3402.78,392,135,370,14-37,25-44,15-27,31,M
21/12/2020,SEGUNDA,15:00,4,3669.82,325,100,407,17-30,19-37,14-22,38,F
22/12/2020,TERÇA,15:00,3,661.17,360,137,349,22-35,31-45,15-23,43,M
23/12/2020,QUARTA,15:00,5,2171.71,442,128,323,16-26,22-40,17-22,17,F
24/12/2020,QUINTA,13:30,5,5836.54,370,102,487,15-28,24-40,17-22,44,M
25/12/2020,SEXTA,18:00,1,1986.52,380,148,570,17-24,30-47,13-22,28,M
26/12/2020,SABADO,13:30,4,2859.66,385,91,414,18-25,25-43,13-25,40,F
27/12/2020,DOMINGO,18:00,3,1749.07,319,107,394,16-31,24-40,17-22,22,F
28/12/2020,SEGUNDA,14:00,4,819.04,384,90,361,19-29,20-33,14-25,35,F
29/12/2020,TERÇA,15:00,5,1995.73,410,90,451,17-24,31-45,17-22,31,F
30/12/2020,QUARTA,13:30,1,2909.08,387,109,421,17-31,20-33,14-20,29,M
31/12/2020,QUINTA,15:00,1,4442.82,415,80,446,15-28,24-64,14-29,40,M
01/01/2021,SEXTA,17:30,2,4599.35,301,135,453,18-30,23-39,15-19,28,F
02/01/2021,SABADO,14:00,2,3306.27,440,117,454,22-35,28-36,14-24,34,M
03/01/2021,DOMINGO,17:30,1,1835.39,416,140,308,17-31,25-43,15-23,21,M
04/01/2021,SEGUNDA,14:30,3,725.2,301,127,346,21-32,21-37,14-26,29,F
05/01/2021,TERÇA,14:00,2,3798.98,362,141,490,22-35,21-32,15-27,29,F
06/01/2021,QUARTA,13:30,5,2272.67,422,100,379,15-24,20-34,15-23,17,M
07/01/2021,QUINTA,14:30,5,3138.03,407,120,454,21-33,22-38,16-27,24,F
08/01/2021,SEXTA,14:00,5,4255.88,343,132,316,20-33,21-40,13-22,30,M
09/01/2021,SABADO,13:30,2,3607.96,391,133,467,17-26,23-32,13-22,29,M
10/01/2021,DOMINGO,14:30,0,2590.98,401,91,583,19-30,30-37,15-20,33,M
11/01/2021,SEGUNDA,14:30,3,607.07,423,138,565,21-36,24-37,13-22,42,M
12/01/2021,TERÇA,13:30,2,3875.2,445,136,370,17-31,20-33,14-20,35,M
13/01/2021,QUARTA,14:30,4,1602.4,444,103,382,17-26,22-38,15-21,20,M
14/01/2021,QUINTA,14:00,1,517.32,404,135,473,21-33,29-35,14-24,26,M
15/01/2021,SEXTA,13:30,2,3068.93,303,80,473,22-35,22-34,17-22,17,F
16/01/2021,SABADO,13:30,1,3440.09,306,122,453,16-31,30-37,16-23,43,M
17/01/2021,DOMINGO,17:30,0,-26.4,379,101,335,15-24,24-36,16-27,38,F
18/01/2021,SEGUNDA,18:00,4,2695.32,434,90,346,18-30,31-45,15-26,38,F
19/01/2021,TERÇA,15:00,4,4529.92,433,128,377,17-28,21-35,15-26,41,M
20/01/2021,QUARTA,14:00,5,-239.82,439,140,414,19-33,28-36,13-24,37,F
21/01/2021,QUINTA,15:00,1,1374.73,406,89,493,17-30,17-29,14-21,31,F
22/01/2021,SEXTA,13:30,1,4465.81,408,97,547,18-33,17-39,15-27,27,M
23/01/2021,SABADO,14:30,2,4317.14,437,115,408,16-31,24-41,17-22,30,F
24/01/2021,DOMINGO,18:00,4,-113.18,377,102,410,17-28,21-35,14-22,35,F
25/01/2021,SEGUNDA,15:00,0,4093.12,323,93,381,21-36,22-38,15-22,30,F
26/01/2021,TERÇA,15:00,0,2678.16,313,112,395,17-24,23-36,14-29,27,F
27/01/2021,QUARTA,14:30,4,-531.41,357,92,334,19-29,23-36,13-24,36,F
28/01/2021,QUINTA,15:00,1,3000.77,375,105,358,18-26,31-45,17-22,25,M
29/01/2021,SEXTA,13:30,1,905.82,327,134,429,16-24,22-38,15-24,27,F
30/01/2021,SABADO,15:00,3,2787.65,358,112,509,17-24,23-39,14-19,39,F
31/01/2021,DOMINGO,17:30,1,1860.18,349,143,472,14-37,31-45,15-19,37,M
01/02/2021,SEGUNDA,18:00,2,3385.22,408,89,505,20-33,25-44,16-27,37,M
02/02/2021,TERÇA,14:30,2,3700.32,425,143,498,15-24,23-36,13-24,19,M
03/02/2021,QUARTA,17:30,5,2312.71,354,90,417,15-24,24-64,14-21,31,F
04/02/2021,QUINTA,18:00,2,3763.09,332,102,450,18-25,22-38,15-25,20,F
05/02/2021,SEXTA,14:00,1,1699.43,403,146,306,21-32,22-35,14-25,35,M
06/02/2021,SABADO,15:00,5,4822.51,437,125,414,21-36,20-33,15-25,19,F
07/02/2021,DOMINGO,14:30,5,5726.49,352,84,500,17-30,28-38,14-21,36,F
08/02/2021,SEGUNDA,18:00,3,2068.45,392,142,571,17-30,24-64,16-27,25,F
09/02/2021,TERÇA,13:30,5,4390.63,335,127,587,16-31,20-33,15-20,20,M
10/02/2021,QUARTA,14:00,2,1129.4,302,108,421,16-27,21-35,13-20,39,F
11/02/2021,QUINTA,17:30,5,3067.9,398,93,374,17-24,24-41,15-25,23,M
12/02/2021,SEXTA,13:30,3,1099.58,388,104,526,18-25,30-47,15-23,37,M
13/02/2021,SABADO,13:30,5,3161.61,410,112,550,16-31,22-35,13-21,19,F
14/02/2021,DOMINGO,15:00,4,3998.24,307,124,525,17-26,24-40,15-21,19,M
15/02/2021,SEGUNDA,15:00,4,3800.89,427,117,499,14-37,24-37,14-24,34,M
16/02/2021,TERÇA,14:30,3,2550.55,376,106,380,17-24,26-56,13-21,39,M
17/02/2021,QUARTA,18:00,0,3092.68,444,129,519,21-32,22-40,15-24,22,M
18/02/2021,QUINTA,13:30,5,3532.8,357,114,597,19-28,30-37,15-25,39,F
19/02/2021,SEXTA,15:00,3,1495.06,413,105,478,20-32,31-38,14-28,44,M
20/02/2021,SABADO,14:30,2,663.11,412,105,575,15-28,24-40,13-24,40,F
21/02/2021,DOMINGO,15:00,4,4730.84,364,102,570,16-26,24-64,14-23,20,F
22/02/2021,SEGUNDA,13:30,5,1104.07,408,114,582,17-26,20-34,15-23,21,M
23/02/2021,TERÇA,14:30,5,3923.34,423,107,453,17-24,29-35,14-25,29,M
24/02/2021,QUARTA,17:30,3,2144.92,312,108,590,17-31,22-38,14-22,37,M
25/02/2021,QUINTA,15:00,4,3817.59,345,111,312,19-28,24-36,13-24,30,M
26/02/2021,SEXTA,14:00,3,4099.46,381,133,335,21-34,20-33,13-24,20,F
27/02/2021,SABADO,13:30,2,1878.18,416,98,590,16-27,30-37,15-25,38,M
28/02/2021,DOMINGO,15:00,4,5811.97,387,111,363,18-30,23-39,13-20,28,M
01/03/2021,SEGUNDA,17:30,3,3604.07,341,106,370,17-28,31-38,15-27,25,F
02/03/2021,TERÇA,13:30,2,2890.61,327,82,467,16-26,30-47,14-19,22,M
03/03/2021,QUARTA,17:30,3,2675.32,391,139,336,17-24,24-37,14-24,33,M
04/03/2021,QUINTA,17:30,3,861.17,357,82,347,20-33,29-35,13-22,27,F
05/03/2021,SEXTA,15:00,5,2117.46,332,135,386,16-31,28-53,14-22,23,F
06/03/2021,SABADO,17:30,5,2702.35,388,123,549,20-32,17-29,13-25,35,M
07/03/2021,DOMINGO,18:00,2,491.59,304,108,560,22-35,24-40,15-19,43,F
08/03/2021,SEGUNDA,13:30,4,2856.0,360,95,367,16-31,22-40,16-27,35,M
09/03/2021,TERÇA,13:30,4,3983.88,324,113,501,21-33,22-35,14-19,40,M
10/03/2021,QUARTA,15:00,5,1807.82,407,132,310,20-32,25-44,13-24,22,M
11/03/2021,QUINTA,17:30,5,2270.25,330,103,502,17-24,26-56,13-22,31,F
12/03/2021,SEXTA,14:00,0,2672.08,307,140,333,20-30,31-45,17-22,36,M
13/03/2021,SABADO,18:00,5,2211.16,423,85,548,16-24,23-39,14-20,22,F
14/03/2021,DOMINGO,18:00,0,-37.44,324,116,517,16-27,17-29,15-26,25,F
15/03/2021,SEGUNDA,13:30,4,5283.66,338,115,468,20-33,21-40,14-22,40,F
16/03/2021,TERÇA,14:00,4,3102.01,350,102,509,21-33,22-38,13-25,28,M
17/03/2021,QUARTA,15:00,0,4227.05,314,81,464,16-26,17-39,14-20,22,F
18/03/2021,QUINTA,14:30,4,1797.4,390,90,357,16-31,19-37,15-26,39,M
19/03/2021,SEXTA,13:30,1,3289.6,333,114,591,17-26,28-38,15-27,18,F
20/03/2021,SABADO,18:00,4,3470.7,323,95,516,17-28,19-37,15-24,38,M
21/03/2021,DOMINGO,17:30,4,2109.52,391,132,444,19-29,24-64,17-22,40,M
22/03/2021,SEGUNDA,18:00,5,3369.29,361,99,318,16-31,17-29,14-26,29,M
23/03/2021,TERÇA,14:30,4,1073.6,366,149,340,19-28,30-37,13-21,28,F
24/03/2021,QUARTA,14:30,3,2819.39,429,142,481,16-26,23-39,15-21,21,F
25/03/2021,QUINTA,14:00,1,484.87,380,120,367,19-33,28-38,15-20,19,F
26/03/2021,SEXTA,18:00,1,2685.03,423,113,368,19-28,20-31,14-19,18,F
27/03/2021,SABADO,17:30,4,615.7,411,91,517,17-24,21-35,15-20,36,F
28/03/2021,DOMINGO,13:30,2,1549.49,332,142,595,19-33,21-32,13-25,38,M
29/03/2021,SEGUNDA,18:00,3,6105.69,425,119,520,20-32,21-37,15-24,27,F
30/03/2021,TERÇA,15:00,3,1641.82,446,121,527,21-32,28-53,13-24,20,M
31/03/2021,QUARTA,15:00,2,3498.44,433,106,540,14-37,21-35,15-26,36,M
01/04/2021,QUINTA,14:30,3,3669.83,422,144,439,21-33,17-39,14-22,40,M
02/04/2021,SEXTA,18:00,4,3419.01,397,104,313,19-29,24-40,14-20,41,M
03/04/2021,SABADO,14:30,4,4980.33,336,90,345,16-27,18-34,15-26,42,F
04/04/2021,DOMINGO,18:00,3,4436.94,410,109,417,14-37,23-36,17-22,19,F
05/04/2021,SEGUNDA,14:30,1,4207.88,439,87,318,19-29,30-37,13-21,18,M
06/04/2021,TERÇA,15:00,5,5347.38,355,139,403,15-28,19-37,14-28,30,M
07/04/2021,QUARTA,15:00,5,1837.4,447,115,427,17-30,28-38,13-25,32,F
08/04/2021,QUINTA,18:00,1,-766.73,379,122,541,19-28,23-32,13-20,32,F
09/04/2021,SEXTA,18:00,5,-145.06,351,100,433,18-30,24-49,15-21,20,F
10/04/2021,SABADO,14:00,4,1239.87,422,124,384,17-28,31-38,14-26,39,M
11/04/2021,DOMINGO,17:30,0,2356.66,391,99,598,21-34,25-44,13-22,43,F
12/04/2021,SEGUNDA,13:30,1,4460.07,402,147,522,17-28,22-34,13-24,41,M
13/04/2021,TERÇA,14:30,4,-1363.95,433,141,582,21-32,29-35,14-28,26,M
14/04/2021,QUARTA,13:30,2,1565.85,342,110,372,16-26,18-34,14-21,39,M
15/04/2021,QUINTA,14:30,2,3651.67,324,87,521,14-37,18-34,15-26,43,F
16/04/2021,SEXTA,15:00,2,3208.43,301,106,339,21-33,17-39,14-29,39,F
17/04/2021,SABADO,14:30,5,3469.77,359,146,318,21-33,21-40,15-22,35,M
18/04/2021,DOMINGO,14:30,3,5555.61,361,93,327,21-36,23-32,15-25,32,F
19/04/2021,SEGUNDA,17:30,1,2386.84,343,116,496,16-27,25-38,14-25,24,M
20/04/2021,TERÇA,14:30,0,1764.77,391,108,556,18-30,21-35,13-21,44,F
21/04/2021,QUARTA,14:30,2,1963.54,342,100,332,17-24,23-36,14-28,38,M
22/04/2021,QUINTA,17:30,1,2781.78,314,113,316,16-31,21-32,15-24,19,F
23/04/2021,SEXTA,17:30,0,2335.72,412,136,351,19-30,23-36,15-19,17,F
24/04/2021,SABADO,18:00,4,2308.75,335,97,586,16-26,28-38,14-21,36,M
25/04/2021,DOMINGO,14:00,0,6221.94,380,116,507,17-31,24-40,15-21,17,M
26/04/2021,SEGUNDA,15:00,3,2589.31,320,97,407,19-33,25-38,13-22,24,M
27/04/2021,TERÇA,14:00,5,4728.96,335,94,355,17-30,25-44,14-24,26,F
28/04/2021,QUARTA,14:00,2,1059.89,436,106,556,16-27,20-31,14-26,22,F
29/04/2021,QUINTA,18:00,5,1156.58,383,80,468,21-34,23-36,13-21,23,F
30/04/2021,SEXTA,14:30,2,5173.36,329,87,586,16-31,21-40,17-22,40,F
01/05/2021,SABADO,17:30,3,3026.77,395,119,402,18-26,24-41,17-22,42,M
02/05/2021,DOMINGO,13:30,4,3753.8,386,80,303,14-37,23-32,16-27,22,F
03/05/2021,SEGUNDA,14:30,0,1055.95,443,87,351,17-28,18-34,15-27,26,F
04/05/2021,TERÇA,13:30,1,2605.43,416,138,419,17-24,28-53,15-24,35,F
05/05/2021,QUARTA,14:00,2,991.5,436,141,332,17-28,20-34,15-26,25,M
06/05/2021,QUINTA,17:30,2,5051.71,379,92,386,14-37,22-34,13-22,44,F
07/05/2021,SEXTA,14:30,3,2060.05,413,99,361,14-37,22-34,14-26,34,M
08/05/2021,SABADO,18:00,5,300.44,437,107,377,22-35,22-38,13-21,34,F
09/05/2021,DOMINGO,14:30,0,4360.25,348,110,545,18-33,24-64,14-22,19,M
10/05/2021,SEGUNDA,14:00,0,1173.89,358,130,351,15-24,23-36,15-27,28,F
11/05/2021,TERÇA,18:00,4,2154.13,405,112,442,19-29,25-43,16-27,23,M
12/05/2021,QUARTA,13:30,1,3882.16,427,149,497,16-27,24-49,15-25,26,F
13/05/2021,QUINTA,18:00,3,3963.49,424,81,374,21-34,29-35,14-29,30,F
14/05/2021,SEXTA,18:00,1,3533.16,310,98,305,20-30,28-38,15-20,24,F
15/05/2021,SABADO,13:30,1,4234.85,321,94,559,16-31,24-41,14-19,41,M
16/05/2021,DOMINGO,13:30,5,1458.0,374,110,553,21-32,25-43,13-25,24,M
17/05/2021,SEGUNDA,15:00,2,2970.82,375,127,454,15-28,30-47,13-21,29,F
18/05/2021,TERÇA,17:30,4,706.75,389,132,433,18-25,20-33,14-23,23,F
19/05/2021,QUARTA,17:30,4,3079.11,398,144,434,18-26,21-32,14-29,37,F
20/05/2021,QUINTA,18:00,0,-2471.55,329,149,473,19-30,16-25,14-22,18,F
21/05/2021,SEXTA,17:30,0,3191.98,301,144,349,20-33,25-44,13-20,35,F
22/05/2021,SABADO,14:00,3,3340.8,428,83,316,21-33,30-37,16-27,31,F
23/05/2021,DOMINGO,18:00,2,3266.82,325,91,367,19-30,16-25,17-22,26,F
24/05/2021,SEGUNDA,14:30,1,3426.59,321,92,519,21-32,24-64,14-23,28,M
25/05/2021,TERÇA,13:30,5,3528.94,309,108,391,16-31,19-37,13-24,41,F
26/05/2021,QUARTA,13:30,1,2447.36,355,89,547,15-24,24-49,14-26,20,M
27/05/2021,QUINTA,13:30,0,3271.89,423,144,426,22-35,30-37,15-22,43,F
28/05/2021,SEXTA,14:00,0,3521.39,341,129,465,19-29,24-41,13-21,36,M
29/05/2021,SABADO,14:00,4,4413.9,365,104,383,18-25,16-25,13-20,22,M
30/05/2021,DOMINGO,14:30,3,4612.15,358,141,376,19-28,30-47,14-21,24,F
31/05/2021,SEGUNDA,18:00,1,2588.39,341,147,558,21-34,17-29,15-22,20,M
01/06/2021,TERÇA,17:30,3,4278.36,347,113,423,18-33,28-36,13-20,27,F
02/06/2021,QUARTA,14:30,5,1913.76,444,116,533,15-24,25-43,13-25,17,F
03/06/2021,QUINTA,17:30,1,4108.01,449,129,362,20-33,22-38,15-22,23,M
04/06/2021,SEXTA,15:00,5,2408.49,403,124,347,17-31,23-32,15-20,20,M
05/06/2021,SABADO,14:00,4,1177.89,414,101,466,16-24,28-38,13-22,38,F
06/06/2021,DOMINGO,14:00,2,3656.33,386,110,403,19-29,20-31,17-22,35,M
07/06/2021,SEGUNDA,18:00,3,4444.3,338,133,504,18-25,28-36,14-29,30,F
08/06/2021,TERÇA,17:30,3,1847.99,445,132,497,20-30,21-40,13-24,20,M
09/06/2021,QUARTA,14:30,2,1576.92,313,145,510,20-33,21-37,14-20,26,F
10/06/2021,QUINTA,17:30,1,1618.93,449,111,540,18-25,20-31,14-22,30,M
11/06/2021,SEXTA,14:30,3,3201.66,347,95,540,19-29,26-56,14-21,27,F
12/06/2021,SABADO,17:30,5,3771.33,438,128,380,15-24,26-56,14-24,32,F
13/06/2021,DOMINGO,15:00,3,2130.91,388,89,563,22-35,23-39,13-25,17,M
14/06/2021,SEGUNDA,14:30,1,-1254.97,442,134,465,17-28,18-30,15-19,21,F
15/06/2021,TERÇA,14:00,4,2245.37,382,89,350,17-30,31-38,15-25,29,F
16/06/2021,QUARTA,14:30,5,1913.38,308,135,491,15-24,23-36,17-22,25,F
17/06/2021,QUINTA,14:00,3,2758.4,315,89,512,19-33,28-36,15-19,23,F
18/06/2021,SEXTA,17:30,3,4638.81,422,129,361,18-25,17-29,13-24,34,F
19/06/2021,SABADO,14:30,2,5138.66,364,128,445,17-24,30-37,15-23,40,M
20/06/2021,DOMINGO,15:00,0,-186.25,416,88,316,19-28,19-37,14-19,42,M
21/06/2021,SEGUNDA,15:00,2,6628.16,420,148,460,17-28,29-35,14-29,29,F
22/06/2021,TERÇA,18:00,0,1070.9,361,121,334,20-33,18-30,15-23,20,F
23/06/2021,QUARTA,18:00,5,1898.12,444,117,531,20-30,22-35,17-22,32,M
24/06/2021,QUINTA,15:00,4,1423.38,373,137,493,15-24,23-36,14-22,18,M
25/06/2021,SEXTA,17:30,5,1316.45,362,91,507,21-33,24-37,17-22,43,F
26/06/2021,SABADO,13:30,4,-930.14,325,106,353,16-31,22-38,14-29,44,F
27/06/2021,DOMINGO,14:00,1,2140.2,436,119,450,16-26,20-33,16-27,17,F
28/06/2021,SEGUNDA,14:30,4,3766.36,307,135,478,16-24,21-40,13-20,26,M
29/06/2021,TERÇA,14:00,5,3368.68,330,97,347,21-33,26-56,14-19,36,F
30/06/2021,QUARTA,15:00,3,4457.01,317,144,430,16-27,16-25,13-20,32,F
01/07/2021,QUINTA,18:00,1,4212.41,374,148,565,21-34,22-40,17-22,40,F
02/07/2021,SEXTA,18:00,1,3062.48,417,124,543,15-28,17-39,15-24,25,F
03/07/2021,SABADO,17:30,3,1984.49,413,108,570,19-29,24-64,14-19,18,M
04/07/2021,DOMINGO,17:30,1,-115.97,382,111,504,19-29,29-35,14-26,35,F
05/07/2021,SEGUNDA,15:00,0,3500.55,380,145,307,20-32,22-34,14-21,36,F
06/07/2021,TERÇA,13:30,4,1592.01,440,131,443,18-30,22-38,17-22,26,F
07/07/2021,QUARTA,14:30,1,3439.39,362,82,412,20-32,21-32,14-28,22,M
08/07/2021,QUINTA,14:00,2,1178.72,331,82,395,17-31,21-37,16-23,32,M
09/07/2021,SEXTA,18:00,4,1131.71,387,126,418,14-37,18-34,15-23,36,M
10/07/2021,SABADO,15:00,4,4469.24,337,109,431,21-32,22-35,14-20,22,F
11/07/2021,DOMINGO,14:00,2,2537.29,422,142,367,19-29,17-39,15-22,23,F
12/07/2021,SEGUNDA,18:00,5,5602.22,373,119,401,18-26,19-37,15-27,44,F
13/07/2021,TERÇA,17:30,5,2674.64,344,148,470,19-28,25-38,15-27,22,F
14/07/2021,QUARTA,14:00,1,3401.71,412,146,518,18-25,30-47,15-20,19,F
15/07/2021,QUINTA,14:00,0,4321.32,328,141,558,19-28,26-56,14-20,20,M
16/07/2021,SEXTA,14:30,2,2239.98,394,89,479,18-26,24-36,13-25,34,M
17/07/2021,SABADO,13:30,2,2427.74,391,96,475,16-27,22-40,13-22,43,M
18/07/2021,DOMINGO,13:30,2,-984.15,398,139,562,20-33,25-38,13-25,22,F
19/07/2021,SEGUNDA,14:00,3,515.93,442,128,385,16-26,25-44,14-23,21,M
20/07/2021,TERÇA,14:00,4,5014.12,325,133,364,21-36,28-53,14-25,29,F
21/07/2021,QUARTA,15:00,5,3838.39,418,91,482,19-33,22-34,13-22,20,M
22/07/2021,QUINTA,17:30,1,1205.76,392,148,360,17-26,22-40,16-27,17,F
23/07/2021,SEXTA,14:00,5,5482.1,348,127,303,17-28,25-44,16-27,27,M
24/07/2021,SABADO,14:00,2,3373.28,423,110,513,16-26,22-35,15-25,18,F
25/07/2021,DOMINGO,17:30,2,3158.39,404,108,579,20-32,30-37,14-26,26,F
26/07/2021,SEGUNDA,13:30,0,3540.19,337,130,557,17-24,31-38,15-23,26,M
27/07/2021,TERÇA,14:30,0,2081.19,431,109,440,16-31,24-41,13-21,43,F
28/07/2021,QUARTA,14:30,1,1796.38,349,114,363,16-31,25-44,15-22,28,M
29/07/2021,QUINTA,15:00,2,2820.7,411,111,371,15-28,30-37,15-22,39,M
30/07/2021,SEXTA,15:00,0,4561.76,344,114,594,17-24,26-56,13-24,24,F
31/07/2021,SABADO,18:00,2,5122.51,445,113,529,16-26,25-43,13-24,32,M
01/08/2021,DOMINGO,15:00,3,5155.37,344,81,336,18-33,18-30,15-24,36,F
02/08/2021,SEGUNDA,15:00,0,941.03,423,134,306,17-31,20-34,15-26,34,F
03/08/2021,TERÇA,14:30,3,4425.78,327,123,496,17-24,25-43,16-27,26,F
04/08/2021,QUARTA,14:30,5,1200.69,370,115,509,15-28,29-35,15-26,26,F
05/08/2021,QUINTA,18:00,3,2976.98,410,98,367,21-33,31-45,15-24,31,F
06/08/2021,SEXTA,14:00,2,2259.79,424,126,430,18-30,20-31,14-29,20,M
07/08/2021,SABADO,14:30,1,1674.28,352,97,503,17-28,24-36,15-20,43,M
08/08/2021,DOMINGO,14:00,5,4037.82,399,136,324,20-30,21-35,15-27,19,F
09/08/2021,SEGUNDA,14:30,5,3075.25,357,130,402,18-30,24-41,14-20,25,M
10/08/2021,TERÇA,17:30,0,1978.59,326,85,320,17-28,25-38,17-22,25,F
11/08/2021,QUARTA,14:30,4,3029.13,375,85,429,16-31,20-31,16-27,42,M
12/08/2021,QUINTA,18:00,2,3369.32,362,136,503,21-32,20-33,14-23,37,F
13/08/2021,SEXTA,13:30,5,3983.77,399,139,335,21-34,29-35,15-26,43,M
14/08/2021,SABADO,18:00,5,3285.13,323,127,596,17-24,20-33,13-22,29,M
15/08/2021,DOMINGO,14:30,2,2526.02,361,81,509,17-24,20-34,15-21,25,M
16/08/2021,SEGUNDA,17:30,4,2189.78,387,98,469,19-29,30-37,15-24,34,M
17/08/2021,TERÇA,18:00,0,2224.0,343,110,337,19-30,28-36,14-24,28,M
18/08/2021,QUARTA,18:00,1,3034.5,427,94,579,20-33,21-37,13-22,33,F
19/08/2021,QUINTA,13:30,5,2960.49,382,145,379,14-37,21-37,15-27,34,F
20/08/2021,SEXTA,14:30,2,1695.19,343,91,317,21-34,28-53,14-26,25,M
21/08/2021,SABADO,14:00,5,-609.93,429,84,491,19-29,23-32,13-22,42,M
22/08/2021,DOMINGO,13:30,4,4519.75,408,91,433,17-31,31-45,15-22,20,M
23/08/2021,SEGUNDA,14:30,5,2097.12,309,91,456,20-33,24-41,14-20,24,F
24/08/2021,TERÇA,14:30,3,3859.02,343,108,496,17-30,21-37,16-23,22,M
25/08/2021,QUARTA,15:00,2,3049.36,434,82,562,21-33,24-40,14-19,25,M
26/08/2021,QUINTA,15:00,1,410.92,441,111,334,22-35,23-36,15-20,40,F
27/08/2021,SEXTA,14:00,3,276.95,335,129,403,21-36,23-39,15-22,37,F
28/08/2021,SABADO,17:30,3,523.17,305,95,424,20-33,28-38,14-26,33,F
29/08/2021,DOMINGO,18:00,0,1335.27,311,133,554,15-28,26-56,15-25,41,M
30/08/2021,SEGUNDA,14:00,0,4054.46,344,123,562,18-33,16-25,14-19,24,M
31/08/2021,TERÇA,17:30,1,3290.76,379,145,530,15-28,31-38,14-28,18,F
01/09/2021,QUARTA,14:00,0,1615.05,428,138,528,22-35,17-39,14-23,35,F
02/09/2021,QUINTA,13:30,5,5199.89,357,109,346,17-31,25-44,14-20,34,F
03/09/2021,SEXTA,14:30,0,3076.22,388,124,425,16-31,24-40,14-29,25,F
04/09/2021,SABADO,15:00,4,4523.68,381,102,485,18-30,20-33,14-19,32,M
05/09/2021,DOMINGO,17:30,0,609.71,428,81,370,21-34,22-40,17-22,27,M
06/09/2021,SEGUNDA,18:00,2,481.09,433,92,515,18-30,21-35,15-21,41,F
07/09/2021,TERÇA,14:30,4,6084.21,354,135,504,21-34,30-37,15-24,18,M
08/09/2021,QUARTA,13:30,5,1582.33,430,138,427,18-26,20-34,14-29,29,M
09/09/2021,QUINTA,17:30,5,4065.73,367,94,327,22-35,25-43,15-21,23,M
10/09/2021,SEXTA,18:00,3,4295.8,351,124,501,21-36,25-38,15-21,40,M
11/09/2021,SABADO,13:30,3,5338.11,441,134,550,19-29,24-40,14-21,27,M
12/09/2021,DOMINGO,18:00,3,1201.3,312,89,534,17-28,21-32,14-22,29,M
13/09/2021,SEGUNDA,17:30,3,3401.79,447,97,438,18-30,22-35,15-25,29,F
14/09/2021,TERÇA,18:00,5,3986.13,353,88,391,19-29,24-36,13-22,41,F
15/09/2021,QUARTA,13:30,3,3498.57,372,97,360,17-30,30-37,15-22,19,M
16/09/2021,QUINTA,14:00,0,4066.89,394,86,486,17-28,29-35,15-24,38,F
17/09/2021,SEXTA,14:00,4,3070.37,379,114,303,16-24,24-40,15-25,34,M
18/09/2021,SABADO,17:30,1,3374.23,369,99,550,15-28,17-39,13-22,30,F
19/09/2021,DOMINGO,13:30,5,2992.41,390,130,414,16-26,24-40,15-20,28,M
20/09/2021,SEGUNDA,13:30,0,-1244.36,449,117,573,22-35,24-64,14-29,26,F
21/09/2021,TERÇA,14:30,0,4445.15,375,128,441,21-36,28-53,14-29,40,F
22/09/2021,QUARTA,13:30,3,-2219.6,333,109,474,21-33,25-43,15-19,39,M
23/09/2021,QUINTA,17:30,0,3027.27,410,99,361,17-31,20-33,14-19,42,F
24/09/2021,SEXTA,14:00,3,2864.21,414,82,449,19-30,18-30,14-29,22,M
25/09/2021,SABADO,14:30,3,-266.05,398,144,360,19-29,18-30,13-22,20,M
26/09/2021,DOMINGO,14:00,1,2901.82,345,135,322,19-33,20-33,14-19,29,M
27/09/2021,SEGUNDA,18:00,1,4075.81,340,116,545,19-30,20-33,13-21,21,F
28/09/2021,TERÇA,13:30,1,1539.94,374,140,507,17-30,22-34,16-23,24,F
29/09/2021,QUARTA,15:00,1,4022.04,305,88,515,22-35,17-39,14-25,27,M
30/09/2021,QUINTA,17:30,2,1790.68,406,122,523,16-31,20-31,17-22,32,F
01/10/2021,SEXTA,15:00,1,1772.63,440,125,510,14-37,30-37,14-23,20,F
02/10/2021,SABADO,18:00,3,3534.39,397,131,527,16-24,24-49,14-23,34,M
03/10/2021,DOMINGO,17:30,4,4672.75,402,92,461,19-29,24-41,15-21,34,F
04/10/2021,SEGUNDA,13:30,4,2306.65,322,126,437,21-32,21-37,16-23,34,M
05/10/2021,TERÇA,15:00,0,1029.88,302,92,489,21-36,30-37,16-23,44,F
06/10/2021,QUARTA,15:00,2,5212.65,449,105,591,20-32,24-36,16-27,41,F
07/10/2021,QUINTA,13:30,3,4315.01,326,86,384,20-30,24-41,16-23,27,M
08/10/2021,SEXTA,13:30,5,50.03,437,99,465,19-30,23-36,15-25,20,F
09/10/2021,SABADO,17:30,0,3990.35,415,88,512,19-30,22-34,16-27,25,M
10/10/2021,DOMINGO,18:00,2,406.96,330,103,598,19-33,17-39,15-26,20,F
11/10/2021,SEGUNDA,18:00,1,4989.94,397,147,330,17-24,23-32,14-26,41,M
12/10/2021,TERÇA,14:00,5,2311.31,344,106,585,21-36,28-36,15-24,21,M
13/10/2021,QUARTA,15:00,3,-1981.61,364,115,339,20-32,18-34,16-27,26,M
14/10/2021,QUINTA,18:00,3,2142.66,354,119,303,18-25,25-44,15-23,40,F
15/10/2021,SEXTA,18:00,1,3309.21,426,85,502,19-30,20-33,15-24,26,M
16/10/2021,SABADO,13:30,4,3422.07,429,130,374,22-35,31-45,14-23,33,M
17/10/2021,DOMINGO,14:30,4,1162.29,419,91,498,18-33,31-45,14-24,31,F
18/10/2021,SEGUNDA,14:30,0,3208.75,422,125,440,16-31,25-44,13-22,23,M
19/10/2021,TERÇA,14:00,3,2973.01,304,149,347,16-26,24-36,15-27,17,M
20/10/2021,QUARTA,14:00,5,4128.24,326,81,361,19-29,20-34,13-24,42,M
21/10/2021,QUINTA,18:00,2,3081.63,364,85,315,19-28,19-37,14-21,27,M
22/10/2021,SEXTA,14:30,5,3767.61,367,126,314,19-33,16-25,14-26,17,F
23/10/2021,SABADO,15:00,4,934.71,416,145,314,20-33,31-45,13-22,34,M
24/10/2021,DOMINGO,14:30,2,369.5,349,130,535,15-24,28-36,16-27,20,M
25/10/2021,SEGUNDA,14:00,4,4049.99,434,129,556,17-30,29-35,17-22,31,F
26/10/2021,TERÇA,14:00,2,1850.58,449,134,550,20-30,26-56,15-26,36,M
27/10/2021,QUARTA,13:30,5,3043.9,313,144,390,16-31,23-39,15-27,40,F
28/10/2021,QUINTA,15:00,3,3526.76,307,148,384,16-26,26-56,15-24,40,F
29/10/2021,SEXTA,13:30,5,3718.66,371,120,316,15-28,18-34,15-21,36,M
30/10/2021,SABADO,17:30,0,195.67,355,145,518,20-33,19-37,16-27,42,M
31/10/2021,DOMINGO,14:00,5,5182.52,407,132,594,18-33,23-36,14-20,30,F
01/11/2021,SEGUNDA,14:30,1,5569.84,360,90,420,18-25,22-40,14-21,28,F
02/11/2021,TERÇA,14:30,2,3524.69,301,95,405,17-28,20-31,15-19,17,F
03/11/2021,QUARTA,17:30,3,5076.4,421,128,437,15-24,24-40,15-20,31,F
04/11/2021,QUINTA,17:30,0,105.72,415,97,356,17-31,21-32,13-24,36,F
05/11/2021,SEXTA,14:30,5,3780.81,305,85,302,19-29,24-37,15-25,26,F
06/11/2021,SABADO,14:00,1,5360.3,317,110,513,18-25,31-38,15-21,29,M
07/11/2021,DOMINGO,18:00,5,2863.91,317,94,333,19-33,24-37,14-20,34,F
08/11/2021,SEGUNDA,14:00,5,3147.7,402,109,568,20-30,21-40,15-25,25,F
09/11/2021,TERÇA,18:00,3,2402.73,396,129,557,18-30,21-40,14-28,17,F
10/11/2021,QUARTA,15:00,3,1866.27,323,88,312,16-26,29-35,13-25,18,M
11/11/2021,QUINTA,18:00,4,3358.81,301,109,538,21-34,24-64,15-20,30,M
12/11/2021,SEXTA,14:00,4,3846.93,392,80,411,16-31,25-38,14-21,41,F
13/11/2021,SABADO,17:30,0,3052.1,419,97,390,17-30,24-41,15-19,19,F
14/11/2021,DOMINGO,13:30,0,3034.35,380,127,392,20-32,22-35,13-21,22,F
15/11/2021,SEGUNDA,14:30,3,1652.76,361,117,432,15-28,21-37,13-21,36,F
16/11/2021,TERÇA,15:00,5,4236.82,414,114,467,18-33,30-47,15-27,18,F
17/11/2021,QUARTA,17:30,4,-59.06,346,117,338,22-35,23-36,14-23,39,M
18/11/2021,QUINTA,15:00,5,2741.64,332,90,449,16-26,21-40,16-23,30,F
19/11/2021,SEXTA,14:00,2,4865.55,368,122,415,17-31,20-34,17-22,22,F
20/11/2021,SABADO,14:30,5,4482.2,411,110,303,14-37,21-37,14-20,28,M
21/11/2021,DOMINGO,18:00,1,3122.16,317,93,472,15-24,24-41,14-28,24,F
22/11/2021,SEGUNDA,18:00,2,3518.84,300,90,387,15-28,23-39,13-22,32,M
23/11/2021,TERÇA,17:30,0,3357.08,386,138,322,19-30,21-35,14-23,29,M
24/11/2021,QUARTA,17:30,1,3365.3,386,149,367,21-34,23-39,15-21,21,M
25/11/2021,QUINTA,13:30,1,2381.92,384,87,472,17-31,21-32,14-22,21,M
26/11/2021,SEXTA,13:30,4,2388.29,406,143,423,17-28,23-39,14-24,21,M
27/11/2021,SABADO,15:00,2,2861.17,318,146,357,20-33,17-39,14-28,26,F
28/11/2021,DOMINGO,15:00,1,2333.83,427,93,384,18-30,21-40,15-20,34,F
29/11/2021,SEGUNDA,18:00,5,3643.93,311,112,538,22-35,28-38,13-25,41,M
30/11/2021,TERÇA,17:30,1,2416.98,314,91,395,17-31,22-34,15-22,29,M
01/12/2021,QUARTA,13:30,3,1706.07,314,81,571,18-33,28-53,15-21,27,F
02/12/2021,QUINTA,14:30,5,5935.61,325,137,525,20-33,21-40,14-26,43,F
03/12/2021,SEXTA,14:30,0,4624.54,382,132,397,17-31,30-37,13-25,40,M
04/12/2021,SABADO,18:00,0,641.22,357,92,363,22-35,17-39,15-27,27,F
05/12/2021,DOMINGO,18:00,5,1711.66,342,123,551,20-33,24-64,15-23,27,F
06/12/2021,SEGUNDA,13:30,4,134.07,374,122,380,19-33,21-35,14-19,34,F
07/12/2021,TERÇA,14:30,2,4139.1,315,114,598,20-33,30-47,15-27,42,M
08/12/2021,QUARTA,14:00,1,-438.25,300,89,335,19-29,23-36,13-21,36,F
09/12/2021,QUINTA,18:00,3,1050.28,343,123,532,17-24,20-31,17-22,19,M
10/12/2021,SEXTA,13:30,1,3447.61,334,97,577,21-32,31-45,14-20,23,M
11/12/2021,SABADO,14:00,1,2760.01,423,101,581,15-28,23-32,13-21,39,M
12/12/2021,DOMINGO,17:30,0,3829.73,393,147,523,18-25,19-37,15-26,19,F
13/12/2021,SEGUNDA,14:30,2,3970.99,358,121,396,16-27,24-41,15-24,17,F
14/12/2021,TERÇA,15:00,5,4632.48,437,113,300,21-32,17-39,14-29,38,F
15/12/2021,QUARTA,18:00,1,1153.11,383,127,576,21-32,29-35,14-22,24,M
16/12/2021,QUINTA,18:00,0,1120.59,320,95,506,20-30,25-44,16-27,44,M
17/12/2021,SEXTA,13:30,3,3590.28,433,119,383,17-26,22-38,14-21,39,F
18/12/2021,SABADO,15:00,1,1646.36,352,108,544,20-33,21-32,14-19,28,F
19/12/2021,DOMINGO,18:00,5,1094.05,409,114,510,15-24,17-29,14-19,32,F
20/12/2021,SEGUNDA,14:30,0,3398.15,407,107,409,21-32,29-35,15-25,24,M
21/12/2021,TERÇA,18:00,5,864.2,385,83,339,16-24,30-47,15-23,44,F
22/12/2021,QUARTA,18:00,5,4655.12,376,114,319,16-26,25-44,13-22,33,M
23/12/2021,QUINTA,14:30,1,535.48,394,145,448,21-34,17-39,14-23,26,F
24/12/2021,SEXTA,14:00,1,3114.26,362,85,512,20-30,24-41,14-21,18,M
25/12/2021,SABADO,17:30,0,662.53,443,112,323,21-34,24-64,14-26,18,F
26/12/2021,DOMINGO,17:30,3,4573.4,421,118,516,18-25,24-40,16-27,26,F
27/12/2021,SEGUNDA,17:30,4,2970.14,395,147,479,21-33,23-32,14-28,31,M
28/12/2021,TERÇA,17:30,2,3401.42,374,133,390,15-24,28-38,13-20,43,M
29/12/2021,QUARTA,15:00,0,1354.12,379,119,411,18-25,21-32,15-26,25,F
30/12/2021,QUINTA,14:30,5,52.62,384,118,360,16-31,31-45,14-20,35,F
31/12/2021,SEXTA,17:30,4,659.7,350,102,490,16-24,22-38,14-20,19,M
01/01/2022,SABADO,14:30,1,4012.64,375,80,462,17-31,29-35,15-27,26,M
02/01/2022,DOMINGO,13:30,2,1463.81,407,127,446,16-31,25-44,14-23,27,M
03/01/2022,SEGUNDA,18:00,2,590.85,326,102,426,17-26,24-49,13-25,22,F
04/01/2022,TERÇA,18:00,2,3188.61,437,87,407,18-26,23-32,15-19,18,M
05/01/2022,QUARTA,17:30,3,5040.88,444,111,531,18-33,21-40,15-24,34,F
06/01/2022,QUINTA,17:30,2,3477.46,369,118,557,19-28,22-40,15-25,20,F
07/01/2022,SEXTA,18:00,0,1856.49,427,143,557,18-25,31-45,16-27,27,M
08/01/2022,SABADO,14:00,5,3908.08,440,104,530,16-31,20-33,14-20,41,F
09/01/2022,DOMINGO,14:30,2,1228.15,324,141,593,17-24,24-36,14-20,20,M
10/01/2022,SEGUNDA,15:00,1,2598.41,430,113,487,16-31,18-34,13-20,43,M
11/01/2022,TERÇA,17:30,1,1704.12,438,103,498,20-30,31-45,13-25,19,F
12/01/2022,QUARTA,14:00,3,2353.21,350,97,397,16-31,20-31,15-24,31,M
13/01/2022,QUINTA,14:30,0,4554.26,416,107,357,17-30,22-35,13-21,44,F
14/01/2022,SEXTA,17:30,4,1896.08,426,116,325,19-33,31-45,13-24,40,F
15/01/2022,SABADO,18:00,5,1961.11,429,81,312,21-33,28-38,15-24,22,M
16/01/2022,DOMINGO,14:30,4,3786.05,307,143,598,19-28,20-33,14-21,29,M
17/01/2022,SEGUNDA,17:30,4,1325.97,356,120,314,16-26,26-56,15-22,39,F
18/01/2022,TERÇA,17:30,2,1958.72,319,130,509,17-31,22-35,14-28,27,M
19/01/2022,QUARTA,13:30,1,1344.62,349,137,383,17-28,20-33,14-25,18,M
20/01/2022,QUINTA,15:00,5,2389.44,421,92,440,19-29,20-34,13-20,27,F
21/01/2022,SEXTA,14:30,3,2487.04,321,108,499,20-32,17-39,13-22,29,F
22/01/2022,SABADO,18:00,4,3880.26,328,96,382,22-35,23-39,15-25,25,M
23/01/2022,DOMINGO,14:30,0,3288.66,396,145,552,19-30,19-37,14-22,39,M
24/01/2022,SEGUNDA,14:30,4,4224.19,365,117,389,20-33,29-35,13-20,23,F
25/01/2022,TERÇA,15:00,4,3581.38,316,129,539,17-26,30-47,15-20,40,M
26/01/2022,QUARTA,15:00,5,1506.65,318,132,381,18-30,18-34,15-22,41,M
27/01/2022,QUINTA,17:30,3,71.98,383,117,307,15-24,25-38,14-26,38,F
28/01/2022,SEXTA,14:00,4,1152.65,323,130,310,18-26,21-35,14-22,44,F
29/01/2022,SABADO,14:30,2,4316.33,341,133,563,17-31,22-35,14-28,32,M
30/01/2022,DOMINGO,18:00,1,6170.73,332,96,383,16-24,22-34,14-29,23,F
31/01/2022,SEGUNDA,14:30,1,3822.85,400,107,599,20-30,30-37,15-22,42,M
01/02/2022,TERÇA,14:30,0,4796.63,356,142,416,17-28,24-64,15-23,29,M
02/02/2022,QUARTA,18:00,5,3809.7,369,82,447,18-30,20-34,13-22,43,M
03/02/2022,QUINTA,17:30,3,3542.48,306,145,449,18-30,24-41,15-22,43,M
04/02/2022,SEXTA,18:00,2,1808.11,385,121,555,16-31,20-33,14-26,25,F
05/02/2022,SABADO,14:00,4,5156.74,442,144,529,17-31,22-34,14-26,42,F
06/02/2022,DOMINGO,13:30,0,2389.61,378,81,352,17-28,30-47,14-23,33,M
07/02/2022,SEGUNDA,14:00,5,2525.94,407,121,561,22-35,24-41,14-24,39,M
08/02/2022,TERÇA,14:00,3,2035.15,362,87,556,18-33,24-40,13-21,28,M
09/02/2022,QUARTA,15:00,4,3970.89,353,91,473,18-33,23-39,15-22,42,M
10/02/2022,QUINTA,13:30,5,2433.43,432,99,411,21-33,18-30,14-26,35,M
11/02/2022,SEXTA,15:00,4,1825.26,305,83,309,17-31,18-30,15-23,27,M
12/02/2022,SABADO,15:00,4,3239.04,390,145,564,17-28,24-49,15-23,29,M
13/02/2022,DOMINGO,17:30,4,2713.62,314,123,442,18-25,25-44,15-25,18,M
14/02/2022,SEGUNDA,15:00,2,1507.35,337,136,361,21-36,28-38,13-22,28,F
15/02/2022,TERÇA,15:00,3,4920.13,379,109,378,18-25,24-49,14-22,33,M
16/02/2022,QUARTA,14:00,0,2624.29,321,127,396,16-24,21-40,15-23,23,M
17/02/2022,QUINTA,14:00,4,4341.49,394,142,388,16-26,21-40,14-21,30,M
18/02/2022,SEXTA,17:30,5,339.18,371,112,440,18-33,26-56,13-22,32,F
19/02/2022,SABADO,14:00,3,2517.19,402,88,359,19-33,21-37,13-24,28,F
20/02/2022,DOMINGO,14:30,2,1258.12,426,86,505,16-27,22-40,17-22,37,M
21/02/2022,SEGUNDA,14:30,2,2627.79,338,133,588,17-24,28-36,14-24,30,F
22/02/2022,TERÇA,13:30,3,3832.93,406,147,346,18-25,24-64,13-24,34,M
23/02/2022,QUARTA,17:30,5,3310.48,362,132,351,20-30,23-39,16-27,41,M
24/02/2022,QUINTA,13:30,3,3186.17,308,96,442,22-35,31-38,14-24,23,M
25/02/2022,SEXTA,13:30,1,3350.79,439,117,386,17-28,31-45,13-22,21,M
26/02/2022,SABADO,13:30,0,3498.17,398,126,373,18-25,21-32,14-23,19,M
27/02/2022,DOMINGO,14:30,5,2366.39,375,126,446,16-27,24-36,14-22,35,F
28/02/2022,SEGUNDA,18:00,5,4891.44,350,143,313,17-24,23-32,13-24,37,F
01/03/2022,TERÇA,18:00,2,2929.32,318,144,429,19-30,24-36,15-23,24,M
02/03/2022,QUARTA,14:30,0,3653.52,417,138,464,16-26,25-44,14-20,19,M
